RSSI 5 metri;RTT 5 metri;;RSSI 10 metri;RTT 10 metri;;RSSI 15 metri;RTT 15 metri;;RSSI 20 metri;RTT 20 metri;;RSSI 25 metri;RTT  25 metri;;RSSI 30 metri ;RTT 30 metri;;RSSI  35 metri;RTT 35 metri;;RSSI 40 metri;RTT 40 metri
-54;6,73;;-66;18,2;;-65;5,85;;-59;4,73;;-59;5,52;;-67;5,59;;-64;7,19;;-65;4,74
-48;4,26;;-68;5,51;;-65;7,85;;-59;4,1;;-59;4,91;;-67;4,39;;-64;4,07;;-65;3,99
-49;4,82;;-72;14,7;;-66;5,7;;-59;4,72;;-58;4,93;;-67;4,14;;-66;4,06;;-66;4,55
-48;7;;-65;16,8;;-67;5,71;;-59;4,57;;-58;5,4;;-75;4,02;;-65;4,4;;-65;7,05
-52;4,05;;-72;6,33;;-68;5,64;;-59;4,26;;-58;7,21;;-65;4,87;;-66;5,43;;-65;6,58
-50;7,03;;-66;5,93;;-66;5,25;;-59;4,24;;-58;5,73;;-67;7,89;;-67;4,71;;-66;3,96
-50;6,67;;-68;12,6;;-65;5,47;;-59;4,81;;-58;5,31;;-67;4,09;;-65;4,56;;-63;4,86
-48;4,03;;-73;13,1;;-67;5,79;;-59;4,4;;-58;5,02;;-69;4,31;;-66;4,83;;-66;4,73
-51;4,64;;-67;14,3;;-66;5,64;;-55;4,67;;-58;7,3;;-64;4,1;;-63;5,99;;-67;4,64
-51;4,83;;-69;10,4;;-69;5,85;;-60;4,71;;-58;5,71;;-65;7,66;;-63;4,74;;-67;4,45
-51;4,91;;-64;6,16;;-71;5,63;;-60;4,44;;-59;5,87;;-69;4,51;;-61;4,22;;-66;6,03
-53;4,43;;-66;5,89;;-67;5,53;;-60;7,5;;-59;5,73;;-67;4,48;;-63;4,72;;-65;4
-52;4,86;;-64;11,2;;-66;5,8;;-60;4,83;;-59;5,65;;-68;4,77;;-65;4,15;;-66;4,78
-52;4,27;;-64;6,13;;-67;5,8;;-60;4,72;;-59;7,81;;-68;4,77;;-65;7,27;;-65;4,37
-52;4,42;;-65;6,79;;-65;5,45;;-60;4,31;;-59;8,01;;-67;4,39;;-65;5,09;;-67;4,24
-53;4,59;;-66;6,21;;-67;5,54;;-60;4,01;;-59;4,94;;-67;4,19;;-64;4,02;;-66;4,53
-52;7,43;;-66;8,94;;-66;5,48;;-60;6,43;;-58;5,09;;-65;4,96;;-62;4,84;;-66;4,85
-53;7,23;;-65;5,98;;-66;7,73;;-60;4,53;;-59;5,83;;-67;4,62;;-62;4,61;;-68;4,69
-53;6,86;;-63;5,31;;-68;5,84;;-60;4,87;;-59;5,8;;-68;5,97;;-64;4,82;;-67;4,01
-53;3,93;;-65;5,37;;-68;5,73;;-60;4,11;;-59;5,15;;-67;8,13;;-62;4,8;;-67;4,91
-53;4,04;;-64;6,3;;-66;5,41;;-60;3,99;;-59;5,71;;-68;4,87;;-62;4,63;;-66;4,08
-52;4,85;;-68;5,65;;-67;5,31;;-60;4,02;;-59;7;;-67;4,4;;-63;4,04;;-64;7,03
-54;4,23;;-69;5,79;;-66;5,73;;-60;4,23;;-59;8,07;;-68;4,31;;-63;4,73;;-66;4,88
-53;4,8;;-66;5,03;;-67;7,29;;-60;4,04;;-59;5,76;;-65;7,6;;-62;4,35;;-66;4,73
-53;4,7;;-66;8,66;;-66;5,57;;-60;4,58;;-59;5,66;;-67;4,77;;-64;4,37;;-66;4,36
-54;3,92;;-65;5,5;;-68;5,41;;-60;4,82;;-59;5,33;;-67;4,51;;-64;4,52;;-66;4,81
-53;4,64;;-68;5,4;;-68;5,76;;-60;6,28;;-59;6;;-67;4,71;;-63;4,77;;-66;4,71
-53;4,71;;-68;5,5;;-68;5,47;;-60;7,49;;-59;5,33;;-65;4,57;;-65;5,51;;-67;5,67
-53;5,81;;-64;5,55;;-68;6,77;;-59;7,86;;-59;5,26;;-67;4,42;;-65;4,48;;-66;9,47
-53;4,8;;-65;5,11;;-68;5,63;;-59;4,55;;-59;5,16;;-65;6,32;;-65;7,6;;-66;4,08
-53;4,69;;-64;5,73;;-70;5,58;;-60;4,85;;-59;5,39;;-67;4,67;;-64;6,42;;-64;4,64
-53;4,32;;-67;5,64;;-66;7,47;;-60;4,05;;-59;5,09;;-67;4,34;;-65;7,85;;-64;4,8
-53;5,19;;-62;5,57;;-69;5,03;;-60;3,91;;-59;5,57;;-68;4,13;;-63;4,4;;-66;4,26
-52;4,67;;-68;4,58;;-67;5,39;;-59;4,04;;-59;5,64;;-68;4,25;;-64;4,41;;-66;4,11
-53;4,47;;-69;19;;-68;6,38;;-59;3,93;;-59;5,09;;-68;3,97;;-63;4,75;;-66;6,39
-53;4,28;;-64;4,41;;-67;5,19;;-60;4,09;;-59;6,78;;-68;4,85;;-64;4,86;;-66;4,05
-52;3,95;;-62;5,03;;-68;5,32;;-60;4,15;;-59;5,63;;-68;3,9;;-64;4,34;;-66;3,94
-53;4,24;;-65;7,83;;-67;5,54;;-60;4,16;;-59;5,76;;-68;4,58;;-62;4,9;;-66;4,62
-52;4,26;;-65;7,59;;-68;5,96;;-60;4,13;;-59;5,83;;-68;3,9;;-65;6,89;;-64;3,94
-53;4,68;;-68;8,59;;-68;5,43;;-60;4,22;;-59;5,84;;-68;3,96;;-65;4,16;;-64;5,01
-53;4,78;;-67;16,8;;-67;5,5;;-60;3,96;;-56;5,57;;-68;4,44;;-64;3,98;;-66;8,04
-53;4,46;;-65;5,34;;-67;5,66;;-60;4,09;;-59;6,57;;-68;4,55;;-64;4,36;;-66;4,91
-52;4,18;;-66;14,3;;-68;5,47;;-59;7,13;;-59;5,49;;-68;4;;-63;4,59;;-67;4,82
-52;7,57;;-66;7,19;;-67;5,89;;-60;4,15;;-59;7,01;;-68;4,19;;-62;4,81;;-66;4,68
-53;4,11;;-66;8,45;;-67;5,81;;-59;4,31;;-59;5,62;;-65;4,4;;-62;8,08;;-67;3,95
-53;8,7;;-67;14,6;;-67;5,61;;-59;4,82;;-56;5,75;;-68;4,89;;-63;3,95;;-67;6,57
-53;3,9;;-66;8,27;;-68;5,56;;-57;4,27;;-59;5,27;;-68;4,68;;-64;4,59;;-66;3,98
-53;4,75;;-66;13,5;;-68;5,28;;-60;4,22;;-59;5,05;;-68;3,96;;-63;4,62;;-66;3,98
-53;4,51;;-66;4,69;;-68;7,01;;-60;4,49;;-59;5,3;;-68;4,8;;-64;3,97;;-66;4,78
-53;4,68;;-66;19,1;;-68;6,99;;-60;4,27;;-59;5,6;;-68;5,64;;-64;4,66;;-66;4,02
-53;4,18;;-66;5,42;;-68;8,49;;-60;4,7;;-59;5,48;;-68;4,21;;-64;4,1;;-66;7,02
-53;4,04;;-66;11;;-68;5,76;;-59;4,14;;-59;4,92;;-68;4,52;;-64;7,26;;-66;4,96
-52;4,87;;-66;4,66;;-66;5,55;;-59;4;;-59;5,86;;-68;4,81;;-64;4,68;;-66;4,85
-52;6,8;;-66;5,56;;-69;7,79;;-60;4,44;;-59;5,64;;-68;7,67;;-64;4,49;;-66;11
-52;7,69;;-66;6,2;;-66;5,6;;-60;4,32;;-59;4,97;;-65;3,98;;-65;6,61;;-66;4,05
-52;4,67;;-66;4,18;;-69;5,86;;-60;3,97;;-59;5,27;;-68;4,51;;-64;4,51;;-66;4,54
-52;4,63;;-66;6,11;;-66;4,9;;-60;4,76;;-59;5,87;;-68;7,19;;-64;4,1;;-66;4,69
-54;4,34;;-66;11,9;;-69;5,61;;-60;4,52;;-59;4,17;;-68;4,71;;-64;4,7;;-66;4,53
-53;4,14;;-65;3,92;;-69;8,42;;-60;4,85;;-59;4,92;;-68;4,18;;-64;4,65;;-66;5,68
-53;4,46;;-68;12,5;;-69;5,79;;-60;4,82;;-59;5,22;;-68;7,49;;-64;4,28;;-66;4,57
-53;4,66;;-63;11,2;;-69;5,37;;-59;4,73;;-59;4,93;;-68;4,7;;-64;4,57;;-66;4,58
-53;4,26;;-66;4,84;;-66;6,4;;-59;4,08;;-59;5;;-68;4,39;;-64;4,52;;-63;4,69
-53;4,87;;-65;6,61;;-66;5,38;;-60;4,49;;-59;5,23;;-68;5,93;;-64;4,81;;-66;4,11
-53;4,08;;-65;6,37;;-68;8,16;;-59;5,66;;-59;5,34;;-68;4,75;;-64;4,76;;-66;6,33
-53;4,87;;-65;8,2;;-68;5,03;;-59;7,7;;-59;5,79;;-68;4,13;;-64;4,83;;-66;4,81
-53;4,51;;-66;8,49;;-68;5,26;;-60;3,95;;-59;4,76;;-68;4,28;;-64;4,41;;-66;4,54
-52;7,72;;-67;16,4;;-68;6,9;;-59;6,73;;-59;4,98;;-68;4,69;;-64;4,22;;-66;4,78
-53;4,21;;-66;6,28;;-68;3,97;;-59;4,7;;-59;5,94;;-68;4,44;;-64;5,58;;-66;4,48
-53;4,49;;-67;4,49;;-68;5,38;;-59;4,33;;-59;5,17;;-68;4,35;;-64;4,31;;-66;4,47
-53;4,43;;-68;16,4;;-68;4,45;;-59;7,86;;-59;5,58;;-68;5,23;;-64;4,56;;-66;8,65
-53;8,49;;-68;14,9;;-68;4,32;;-59;4,77;;-59;4,61;;-68;4,2;;-64;4,45;;-66;4,74
-50;4,4;;-68;4,41;;-68;5,56;;-59;5,61;;-59;5,13;;-68;4,4;;-64;4,07;;-66;4,34
-52;4,65;;-68;12,9;;-68;5,67;;-59;4,01;;-59;4,82;;-67;7,16;;-64;5,79;;-67;4,68
-53;4,82;;-66;14;;-65;5,74;;-60;4,3;;-59;4,21;;-68;4,24;;-64;4,07;;-66;7,89
-53;4,69;;-68;11,1;;-68;4,47;;-59;4,35;;-59;4,3;;-68;4,8;;-64;6,16;;-66;4,67
-53;7,44;;-68;4,73;;-67;4,58;;-60;4,28;;-59;3,92;;-68;7,8;;-64;5,24;;-66;4,63
-53;4,59;;-68;14,3;;-68;4,61;;-60;7,29;;-59;7,03;;-68;4,5;;-64;4,64;;-66;4,65
-53;4,44;;-68;13,3;;-68;4,61;;-59;5,42;;-59;3,98;;-68;4,07;;-64;4,87;;-66;4,4
-53;4,56;;-68;11,9;;-68;4,64;;-59;4,7;;-59;3,94;;-68;4,86;;-64;4,94;;-66;4,69
-53;4,48;;-68;17,3;;-68;4,44;;-59;4,09;;-59;4,7;;-65;7,66;;-64;6,98;;-64;4,66
-53;7,71;;-68;8,47;;-68;4,23;;-59;4,19;;-59;6,85;;-65;3,96;;-64;4,94;;-64;4,48
-53;4,77;;-68;11,8;;-68;4,78;;-59;4,3;;-59;3,93;;-68;7,73;;-64;4,91;;-67;4,84
-53;4,18;;-68;4,87;;-68;4,01;;-59;4,48;;-59;7,58;;-65;7,55;;-64;6,58;;-67;4,65
-53;4,3;;-68;9,89;;-68;4,32;;-59;4,34;;-59;4,79;;-68;4,87;;-64;4,11;;-67;4,31
-53;4,22;;-68;8,22;;-68;7,84;;-59;4,38;;-59;4,73;;-68;4,39;;-64;6,15;;-65;6,09
-53;4,25;;-65;6,11;;-68;5,55;;-59;4,23;;-59;4,88;;-68;4,4;;-64;5,47;;-66;4,91
-54;7,92;;-68;11,4;;-68;4,1;;-59;3,97;;-59;4,69;;-67;4,42;;-64;5,75;;-66;5,06
-53;4,58;;-68;6,82;;-68;4,16;;-59;4,06;;-59;4,91;;-68;8,44;;-64;5,46;;-66;4,73
-54;4,24;;-68;6,53;;-67;7,4;;-59;3,96;;-59;4,19;;-68;3,95;;-64;4,99;;-66;3,95
-53;4,18;;-69;10,8;;-68;6,94;;-59;4,87;;-59;4,89;;-68;6,48;;-64;7,71;;-66;4,85
-51;5,99;;-69;10,3;;-68;4,43;;-59;4,18;;-60;7,7;;-68;4,77;;-64;5,32;;-66;4,02
-54;4,91;;-68;6,86;;-65;4,69;;-59;6,13;;-59;4,53;;-68;4,55;;-64;5,8;;-66;4,31
-54;7,42;;-68;6,16;;-65;4,39;;-59;6,45;;-59;4,82;;-68;4,58;;-64;5,57;;-66;4,32
-54;5,11;;-68;11,7;;-68;4,18;;-59;4,87;;-59;4,8;;-68;4,55;;-64;7,61;;-66;4,87
-53;4,88;;-68;10,6;;-68;6,31;;-59;4,78;;-59;6,48;;-65;4,44;;-65;5,39;;-66;5,38
-53;3,93;;-68;9,49;;-68;4,44;;-59;3,97;;-59;7,66;;-68;4,7;;-62;5,67;;-66;6,3
-53;6,95;;-68;6,87;;-68;6,63;;-59;4,2;;-59;4,59;;-68;4,65;;-64;5,47;;-66;4,02
-53;5,09;;-68;6,51;;-65;6,47;;-59;4,1;;-59;4,47;;-68;4,62;;-64;4,97;;-66;4,45
-54;5,83;;-68;6,51;;-68;4,34;;-59;3,97;;-59;4,6;;-68;4,65;;-64;5,64;;-66;4,53
-53;5,55;;-68;6,59;;-68;5,26;;-59;4,74;;-59;4,84;;-68;4,73;;-64;5,73;;-66;4,92
-54;5,3;;-68;6;;-66;7,14;;-59;4,05;;-59;4,57;;-65;4,61;;-63;5,86;;-66;7,9
-53;3,96;;-68;12,4;;-69;4,84;;-59;4,98;;-59;4,75;;-67;4,39;;-65;7,53;;-66;7
-53;7,74;;-68;9,91;;-66;4,45;;-59;4,57;;-59;4,62;;-68;4,82;;-64;5,76;;-66;3,98
-54;5,26;;-68;16,9;;-68;4,27;;-59;4,48;;-59;3,89;;-68;4,24;;-64;6,35;;-66;3,98
-54;4,64;;-68;11,9;;-66;7,27;;-59;4,83;;-59;4,58;;-67;4,75;;-64;5,71;;-66;4,84
-54;7,43;;-68;10,2;;-68;4,61;;-59;4,64;;-59;4,83;;-67;4,4;;-64;5,64;;-66;4,82
-54;5,82;;-68;6,69;;-68;4,19;;-59;4,88;;-59;4,52;;-68;4,25;;-65;7,74;;-66;4,29
-54;5,74;;-68;6,44;;-68;4,8;;-59;4,06;;-59;3,95;;-68;4,37;;-65;5,79;;-66;4,06
-54;7,12;;-69;13,5;;-68;4,81;;-59;4,84;;-59;4,16;;-68;4,87;;-65;5,59;;-66;3,95
-54;5,73;;-68;9,37;;-68;4,28;;-59;4,17;;-59;4,6;;-68;4,66;;-66;5,26;;-66;4,78
-53;4,92;;-68;14,4;;-69;4,18;;-59;4,08;;-59;4,27;;-68;8,51;;-65;5,76;;-66;11,6
-54;5,81;;-68;9,32;;-68;5,61;;-59;7,84;;-59;3,95;;-68;4,9;;-65;7,39;;-66;4,06
-54;5,52;;-68;8,19;;-69;4,79;;-60;4,17;;-59;4,49;;-68;4,16;;-65;5,64;;-66;5,38
-54;5,91;;-69;9,15;;-68;4,23;;-60;4,71;;-59;3,98;;-68;6,95;;-65;5,87;;-66;3,99
-53;6,07;;-68;18,4;;-68;4,92;;-59;7,9;;-59;6,82;;-68;7,86;;-65;5,15;;-66;4,44
-53;7,97;;-68;15,4;;-68;7,58;;-59;3,98;;-59;4,35;;-68;4;;-65;5,38;;-66;10,6
-54;5,67;;-67;11,7;;-68;5,64;;-59;4,13;;-59;5,75;;-68;4,86;;-65;5,42;;-66;5,17
-53;5,8;;-68;6,46;;-68;4,64;;-60;5,8;;-59;6,48;;-68;7,81;;-64;5,74;;-66;6,98
-54;8,58;;-68;14,4;;-68;6,73;;-60;4,82;;-59;4,06;;-65;4,35;;-65;5,77;;-66;4,5
-54;5,8;;-70;18,3;;-65;4,35;;-60;4,03;;-59;4,37;;-68;4,63;;-64;6,38;;-66;5,08
-53;5,06;;-69;7,31;;-68;4,54;;-60;4,68;;-58;4,04;;-67;4,58;;-64;5,73;;-66;4,15
-57;5,92;;-68;13,2;;-68;6,38;;-60;4,44;;-58;4,64;;-67;4,83;;-64;7,28;;-66;5,87
-56;8,63;;-68;3,93;;-68;4,46;;-60;4,11;;-59;3,99;;-67;7,88;;-64;8,41;;-66;5,74
-52;5,1;;-68;17,5;;-68;4,69;;-59;6,54;;-58;4,62;;-67;4,79;;-64;5,68;;-66;5,27
-49;5,05;;-68;12;;-68;4,54;;-59;4,85;;-59;5,34;;-67;4,66;;-64;5,19;;-66;5,77
-53;5,67;;-68;10,5;;-68;4,53;;-59;4,59;;-59;4,85;;-67;3,94;;-64;5,46;;-66;6,64
-52;4,99;;-68;6,08;;-68;4,23;;-59;4,6;;-59;5,52;;-68;7,7;;-64;5,5;;-66;5,11
-52;8,71;;-68;4,06;;-68;4,27;;-59;4,03;;-59;4,19;;-65;4,07;;-64;5,63;;-66;5,29
-52;5,77;;-68;4,78;;-67;4,27;;-59;4;;-59;5,17;;-67;8,01;;-64;8,49;;-65;5,17
-52;4,9;;-68;12,7;;-68;4,13;;-60;8;;-59;4,72;;-65;4,8;;-64;5,47;;-66;5,53
-54;5,78;;-68;11,6;;-68;4,26;;-59;4,26;;-59;4,12;;-65;6;;-64;5,52;;-66;5,09
-53;5,06;;-68;4,79;;-68;4,3;;-60;4,37;;-59;3,93;;-67;4,46;;-64;5,47;;-66;5
-53;5,66;;-68;14,3;;-68;4,24;;-60;4,1;;-59;3,95;;-67;4,73;;-64;5,36;;-66;5,62
-53;5,85;;-68;7,22;;-68;4,71;;-59;4,01;;-59;3,99;;-67;4,54;;-64;7,07;;-66;5,64
-52;7,86;;-69;14,5;;-68;5,64;;-53;4,27;;-59;4,55;;-68;4,02;;-65;5,25;;-66;5,82
-52;8,06;;-68;5,95;;-68;4,49;;-60;4,54;;-59;4,34;;-65;4,82;;-63;4,97;;-66;5,63
-49;7,88;;-68;12,7;;-68;4,44;;-60;4,12;;-59;4,69;;-68;4,19;;-65;5,51;;-66;5,06
-52;5,91;;-68;6,39;;-68;4,19;;-59;4,42;;-59;4,54;;-67;4,8;;-63;6,53;;-66;5,76
-52;5,12;;-68;17;;-68;4,17;;-59;6,34;;-59;4,06;;-68;6,9;;-65;8,13;;-66;5,58
-52;5,33;;-69;7,23;;-68;4,08;;-60;4,04;;-58;4,86;;-68;4,49;;-63;5,02;;-66;5,52
-53;5,56;;-66;16,3;;-68;4,64;;-59;5,23;;-58;4,5;;-68;4,53;;-64;5,62;;-66;5,77
-52;5,19;;-69;6,23;;-68;4,31;;-59;5,87;;-59;4,52;;-68;6,85;;-64;4,98;;-66;5,29
-52;5,35;;-69;6,87;;-65;4,06;;-59;4,08;;-58;4,72;;-67;4,49;;-64;5,77;;-67;7,34
-52;5,77;;-69;8,75;;-68;4,57;;-60;5,03;;-59;4,71;;-67;5,86;;-64;5,19;;-66;4,95
-52;6,27;;-68;11,9;;-68;4,69;;-60;5,26;;-59;4,51;;-67;7,79;;-64;5,47;;-64;5,51
-53;5;;-68;15,8;;-68;4,75;;-60;5,23;;-59;4,76;;-68;5,56;;-64;5,41;;-65;8,33
-49;4,93;;-69;17,7;;-68;4,13;;-60;5,62;;-59;4,79;;-68;5,45;;-64;5,8;;-65;5,13
-52;6,75;;-69;5,95;;-67;7,41;;-60;5,34;;-59;4,05;;-65;5,45;;-64;6,45;;-65;5,8
-51;5,91;;-69;7,75;;-68;4,52;;-60;5,62;;-59;4,83;;-65;4,61;;-64;5,59;;-63;5,66
-52;5,67;;-69;18,6;;-68;4,53;;-60;8,42;;-59;4,73;;-68;4,82;;-64;5,53;;-80;7,91
-51;5,17;;-68;5,92;;-68;4,41;;-59;4,22;;-59;7,63;;-65;5,71;;-65;5,15;;-75;11,3
-53;5,99;;-68;6,24;;-68;4,31;;-60;5,4;;-59;4,52;;-65;4,81;;-64;6,8;;-67;8,07
-53;5,69;;-68;6,21;;-65;4,41;;-60;5,87;;-56;4,89;;-68;5,72;;-64;5,8;;-67;5,36
-53;5,64;;-68;6,67;;-68;4,58;;-60;4,9;;-59;4,85;;-67;5,55;;-64;5,64;;-68;5,03
-53;7,41;;-68;17,7;;-68;4,18;;-60;5,81;;-59;4,38;;-65;8,28;;-64;5,8;;-65;7,04
-53;5,62;;-68;6,41;;-68;4,7;;-60;5,74;;-59;4,61;;-68;4,66;;-64;8,36;;-65;5,47
-53;5,73;;-69;16,2;;-66;4,35;;-60;5,56;;-59;4,45;;-68;5,66;;-64;4,94;;-65;7,58
-53;7,67;;-68;6,4;;-68;4,36;;-60;7,1;;-59;4,01;;-68;7,16;;-64;4,99;;-64;5,49
-53;5,82;;-68;6,43;;-68;4,36;;-60;7,01;;-59;4,87;;-68;5,48;;-64;5,39;;-65;5,61
-53;6,99;;-68;12,5;;-66;4,86;;-60;5,4;;-59;4,47;;-68;5,72;;-64;5,01;;-64;5,46
-53;5,85;;-68;9,54;;-68;4,75;;-60;5,63;;-59;4,14;;-68;4,44;;-64;5,55;;-65;4,94
-53;5,59;;-68;4,22;;-66;6,52;;-53;8,1;;-59;4,54;;-67;5,07;;-64;5,53;;-65;5,25
-53;5,27;;-68;4,32;;-68;4,27;;-60;5,88;;-58;6,78;;-67;5,32;;-64;5,78;;-63;5,35
-53;5,84;;-70;13,4;;-69;4,47;;-60;5,75;;-59;4,48;;-67;5,47;;-64;5,68;;-64;5,46
-53;8,35;;-68;13,9;;-68;4;;-60;4,9;;-59;4,58;;-68;5,12;;-64;4,97;;-64;5,44
-53;5,79;;-68;16,8;;-68;4,52;;-60;5,32;;-56;4,56;;-68;5,4;;-64;4,49;;-64;9,73
-53;5,67;;-69;7,63;;-68;6,02;;-60;5,33;;-59;4,26;;-68;5,51;;-64;9,3;;-64;4,93
-53;5,77;;-68;11,4;;-69;4,05;;-60;5,67;;-58;4,6;;-68;5,47;;-64;4,28;;-64;5,18
-53;5,56;;-68;12,8;;-68;6,63;;-60;5,41;;-59;3,89;;-68;5,09;;-64;5,89;;-64;5,24
-53;5,37;;-68;12,2;;-68;4,74;;-60;5,73;;-59;4,76;;-68;5,45;;-64;4,58;;-64;5,88
-52;5,58;;-68;11,6;;-69;7,31;;-60;5,82;;-59;4,28;;-68;5,84;;-64;4,22;;-65;5,07
-53;5,22;;-68;6,04;;-68;4,27;;-60;5,85;;-59;4,65;;-68;5,34;;-64;4,77;;-69;4,95
-53;5,82;;-68;17,1;;-69;4,56;;-60;5,63;;-59;7,25;;-68;5,04;;-66;4,21;;-68;5,51
-53;5,75;;-69;19,6;;-67;4,82;;-60;5,14;;-59;4,46;;-68;7,76;;-65;7,1;;-65;5,56
-53;5,81;;-68;4,76;;-68;4,01;;-60;5,76;;-59;4,46;;-68;5,02;;-69;4,62;;-69;5,65
-53;5,62;;-68;7,21;;-69;5,81;;-60;5,74;;-59;4,67;;-68;5,42;;-65;4,1;;-68;7,88
-53;5,45;;-68;7,58;;-68;4,77;;-60;6,83;;-59;6,72;;-67;5,91;;-65;5,08;;-67;5,03
-53;5,57;;-69;7,1;;-68;4,04;;-60;5,76;;-59;4,81;;-67;5,05;;-65;4,8;;-67;5,87
-53;4,96;;-68;10,6;;-65;4,65;;-60;7,16;;-59;7,55;;-67;5,85;;-65;4,82;;-69;6,21
-53;5,26;;-68;8,14;;-68;7,07;;-60;6,24;;-59;4,31;;-67;5,85;;-65;4,06;;-67;5,21
-52;5,05;;-68;4,19;;-68;4,54;;-60;5,3;;-59;4,78;;-67;5,38;;-65;3,95;;-67;5,1
-53;7,06;;-68;8,44;;-68;7,98;;-60;5,47;;-59;4,34;;-67;5,84;;-65;5,04;;-66;5,15
-53;5,46;;-68;4,83;;-68;5,16;;-60;4,95;;-59;7,19;;-67;5,54;;-65;4,43;;-66;5,86
-53;7;;-68;11,2;;-65;4,09;;-60;5,16;;-59;7,3;;-67;5,81;;-65;5,65;;-68;5,62
-53;5,81;;-68;10,3;;-68;5,08;;-60;7,42;;-59;4,27;;-67;7,49;;-65;3,97;;-68;5,09
-53;5,65;;-69;14,3;;-68;4,34;;-60;5,32;;-59;3,98;;-67;7,79;;-65;4,65;;-66;5,4
-50;7,02;;-68;4,2;;-67;4,02;;-60;8,49;;-59;5,23;;-65;5,33;;-66;4,29;;-66;7,86
-53;5,09;;-68;6,14;;-68;5,48;;-59;5,11;;-59;4,1;;-67;5,56;;-65;4,39;;-70;5,18
-53;5,69;;-68;11,9;;-65;4,72;;-60;5,58;;-59;7,52;;-68;5,05;;-66;4,37;;-69;6,08
-53;5,68;;-65;12,9;;-67;4,2;;-60;5,01;;-59;4,9;;-67;5,66;;-65;7,54;;-66;7,08
-53;6,69;;-68;13,7;;-65;4,03;;-60;5,32;;-58;4,26;;-67;5,89;;-65;4,31;;-66;5,72
-53;6,01;;-68;6,06;;-65;5,88;;-59;5,23;;-59;6,71;;-68;5,81;;-65;8,63;;-69;6,05
-53;5,26;;-69;12,2;;-68;5,17;;-59;5,81;;-59;4,43;;-68;5,24;;-66;4,28;;-69;5,82
-53;5,61;;-68;10;;-68;4,25;;-60;5,15;;-59;4,36;;-68;5,14;;-66;4,16;;-67;5,88
-53;5,44;;-68;11,1;;-68;7,35;;-60;5,53;;-59;4,18;;-68;5,53;;-65;7,56;;-69;5,06
-53;5,36;;-68;6,94;;-68;4,47;;-59;5,45;;-59;4,13;;-65;5,65;;-65;4,44;;-69;5,25
-53;5,61;;-65;21,3;;-68;4,15;;-59;7,64;;-59;4,8;;-65;6,3;;-65;7,85;;-66;5,04
-53;5,42;;-68;10,2;;-68;4,73;;-59;5,41;;-74;4,27;;-68;5,79;;-66;7,14;;-67;5,73
-53;5,52;;-68;19,1;;-68;4,45;;-60;5,74;;-59;4,2;;-68;5,21;;-66;4,75;;-70;5,66
-53;5,86;;-69;5,98;;-68;4,49;;-60;5,79;;-53;4,66;;-68;8,36;;-66;4,38;;-67;5,28
-52;5,1;;-68;17,9;;-66;4,76;;-59;5,58;;-59;4,21;;-67;5,9;;-63;4,68;;-69;5,54
-53;5,34;;-68;5,14;;-68;4,87;;-59;7,17;;-59;4,49;;-67;5,36;;-65;4,81;;-67;5,67
-53;5,16;;-68;15,5;;-69;4,56;;-60;5,32;;-59;4,14;;-68;5,5;;-65;4,46;;-69;5,21
-53;5,14;;-68;5,65;;-66;4,41;;-60;6,97;;-59;4,58;;-68;5,81;;-65;4,01;;-69;5,61
-52;5,78;;-68;21,5;;-68;4,79;;-60;5,81;;-59;4,46;;-68;7,09;;-65;4,69;;-69;5,61
-52;5,85;;-68;8,43;;-68;4,12;;-60;5,7;;-59;4,41;;-67;8,52;;-65;4,52;;-66;5,09
-52;5,57;;-68;13,4;;-68;5,52;;-60;5,06;;-59;4,07;;-68;5,64;;-66;4,63;;-69;4,93
-53;5,55;;-68;6,47;;-68;7,17;;-59;5,56;;-59;4,62;;-68;5,58;;-66;6,36;;-67;4,98
-53;5,42;;-68;15,5;;-66;4,47;;-60;5,78;;-59;7,08;;-68;5,6;;-65;5,48;;-69;8,06
-53;5,35;;-68;8,59;;-66;4,17;;-60;5,12;;-59;4,79;;-68;5,72;;-66;4,29;;-69;5,45
-53;4,93;;-68;5,66;;-65;4,16;;-60;5,58;;-59;3,98;;-66;5,68;;-66;4,61;;-71;7,49
-53;5,27;;-68;4,1;;-65;4,47;;-60;5,8;;-59;4,37;;-68;5,79;;-64;4,17;;-68;5,4
-50;7,72;;-68;6,37;;-68;4,76;;-60;5,72;;-59;4,08;;-68;7,4;;-65;4,12;;-69;5,06
-53;5,29;;-68;15,6;;-66;6,05;;-60;5,37;;-59;6,88;;-68;5,55;;-65;4,39;;-68;5,42
-53;5,59;;-68;18,3;;-68;4,93;;-59;4,96;;-59;4,74;;-68;5,05;;-65;4,42;;-71;9,21
-53;5;;-69;16,7;;-65;6,2;;-60;6,84;;-59;3,97;;-68;5,61;;-65;4,18;;-68;5,49
-53;5,54;;-65;13,7;;-65;4,66;;-60;5,5;;-59;4,98;;-68;5,78;;-65;4,46;;-71;7,95
-53;5,34;;-68;6,92;;-68;6,72;;-60;5,32;;-59;3,95;;-65;5,51;;-65;4,49;;-71;6,84
-53;5,63;;-65;4,67;;-67;6,26;;-60;5,39;;-59;4,83;;-68;7,8;;-65;4,09;;-71;7,7
-53;5,76;;-68;10,6;;-68;4,72;;-60;5,24;;-59;4,09;;-68;5,31;;-65;4,46;;-70;5,51
-52;6,83;;-68;12,8;;-67;5,75;;-60;5,79;;-59;4,11;;-68;5,28;;-65;4,37;;-68;4,95
-52;5,89;;-68;16,4;;-68;4,67;;-60;5,55;;-59;4,88;;-65;5,28;;-65;7,82;;-67;8,69
-53;5,68;;-68;9,15;;-68;5,8;;-60;5,77;;-59;4,92;;-65;5,6;;-65;6,32;;-68;8,08
-53;5,72;;-68;12,5;;-68;5,75;;-60;5,62;;-59;3,96;;-67;6,52;;-65;4,18;;-68;5,22
-53;5,21;;-68;5,4;;-69;5,23;;-60;4,98;;-59;4,4;;-67;5,24;;-65;4,88;;-67;5,05
-53;5,24;;-68;15,3;;-68;4,24;;-60;7,61;;-59;7,26;;-67;5,6;;-65;7,88;;-68;4,97
-53;7,4;;-69;5;;-68;5,35;;-60;5,16;;-59;4,19;;-68;5,21;;-65;5,28;;-67;5,57
-53;5,86;;-69;10,2;;-68;6,79;;-60;5,33;;-59;4,48;;-68;5,59;;-65;5,81;;-71;4,99
-53;5,28;;-68;5,21;;-68;7,3;;-60;5,75;;-59;4,65;;-68;5,35;;-65;4,52;;-71;7,7
-53;5,66;;-68;5,39;;-68;4,15;;-60;5,01;;-58;5,85;;-68;5,35;;-65;4,53;;-71;5,85
-50;4,9;;-68;5,29;;-69;6,88;;-60;5,67;;-58;3,89;;-68;7,4;;-65;4,17;;-71;8,48
-53;5,19;;-68;12,7;;-68;5,24;;-60;5,7;;-59;4,62;;-68;6,78;;-65;6,72;;-71;5,58
-53;5,28;;-69;7,52;;-68;5,6;;-60;7,05;;-59;4,35;;-68;5,78;;-65;4,2;;-68;5,87
-52;5,1;;-68;10,2;;-74;5,85;;-60;5,62;;-59;4,89;;-68;5,03;;-65;4,31;;-71;5,58
-53;5,47;;-69;5,24;;-65;4,63;;-60;5,38;;-59;4,67;;-68;4,92;;-65;4,1;;-68;7,76
-52;5,88;;-68;5,27;;-68;5,3;;-60;5,34;;-59;4,18;;-67;5,03;;-65;4,04;;-72;5,63
-52;4,91;;-68;5,68;;-69;6,08;;-60;5,2;;-59;4,11;;-68;5,32;;-65;4,79;;-68;5,66
-53;5,2;;-68;10,4;;-69;5,09;;-60;5,35;;-59;4,78;;-68;5;;-65;4,71;;-72;5,77
-53;5,67;;-68;5,78;;-69;4,97;;-60;5,26;;-59;4,09;;-68;5,48;;-65;4,01;;-71;5,03
-53;6,82;;-68;4,8;;-66;5,2;;-60;5,55;;-59;6,96;;-68;6,79;;-65;4,15;;-69;8,3
-53;5,86;;-68;7,45;;-66;5,79;;-60;5;;-59;4,87;;-68;5,86;;-65;4,75;;-68;5,69
-53;8,39;;-68;16,2;;-68;5,3;;-60;5,28;;-59;4,12;;-68;7,63;;-65;7,34;;-71;5,15
-53;7,58;;-68;10,2;;-65;5,8;;-59;5,48;;-59;4,73;;-68;5,02;;-65;3,9;;-71;9,57
-53;5,25;;-68;7,14;;-68;5,53;;-60;5,95;;-59;4,89;;-68;5,87;;-65;4,27;;-71;4,99
-53;5,41;;-68;5,15;;-68;5,71;;-60;5,02;;-59;4,33;;-68;7,23;;-65;4,68;;-72;5,91
-53;5,58;;-68;5,28;;-67;5,26;;-60;5,67;;-59;4,8;;-68;4,95;;-65;4,38;;-71;5,8
-53;5,21;;-68;6,69;;-68;5,03;;-60;5,28;;-59;4,29;;-68;4,92;;-65;4,36;;-68;5,69
-53;5,46;;-68;6,23;;-65;5,04;;-60;5,43;;-59;6,06;;-68;5,66;;-65;8,31;;-71;5,62
-53;5,39;;-69;6,32;;-68;5,51;;-60;5,07;;-59;4,41;;-68;4,95;;-65;4,33;;-67;5,16
-53;5,3;;-68;7,73;;-67;5,72;;-60;5,04;;-59;4,24;;-68;5,03;;-65;4,28;;-70;5,73
-53;5,53;;-69;5,13;;-65;5,65;;-60;5,27;;-59;4,71;;-68;7,73;;-65;4,46;;-68;11,1
-53;5,66;;-68;9,21;;-67;5,41;;-60;6,83;;-59;5,68;;-67;5,63;;-65;6,29;;-68;5,9
-53;5,89;;-66;8,28;;-66;5,81;;-60;6,05;;-59;4,15;;-68;5,76;;-65;4,11;;-67;5,84
-53;5,22;;-68;5,98;;-68;6,71;;-60;4,98;;-56;4,97;;-67;5,55;;-65;4,21;;-67;5,26
-53;6,74;;-68;6;;-67;5,23;;-60;5,16;;-59;5,21;;-68;5,73;;-65;4,31;;-68;5,85
-52;5,44;;-68;19,7;;-68;4,91;;-60;5,11;;-59;6,72;;-68;5,52;;-65;4,53;;-68;6,48
-53;4,86;;-68;14,1;;-68;5,34;;-60;5,58;;-59;4,16;;-68;5,22;;-65;4,74;;-68;5,3
-53;5,58;;-68;13,3;;-68;5,01;;-60;5,25;;-59;5,64;;-67;5,82;;-65;4,52;;-68;8,47
-53;5,6;;-68;5,37;;-68;5,69;;-60;5,89;;-72;7,02;;-67;5,06;;-65;7,88;;-70;5,29
-53;4,9;;-68;19,4;;-68;7;;-60;5,93;;-59;5,59;;-67;5,37;;-65;4,48;;-67;4,56
-53;5,84;;-69;12,5;;-68;5,82;;-60;5,8;;-59;5,81;;-67;5,53;;-65;4,87;;-68;4,17
-53;5,26;;-68;12,4;;-69;5,78;;-74;4,98;;-59;4,94;;-67;5,85;;-65;4,77;;-67;3,98
-53;7,92;;-68;12,9;;-64;7,12;;-60;5,74;;-59;4,52;;-68;5,09;;-65;4,71;;-68;4,72
-53;5,83;;-68;11,6;;-68;5,78;;-60;5,42;;-59;5,37;;-67;5,75;;-65;4,86;;-72;8,02
-53;4,8;;-69;14,4;;-65;5,19;;-60;5,85;;-59;5,83;;-65;5,79;;-65;3,97;;-71;5,06
-53;5,31;;-69;7,29;;-68;5,57;;-60;5,07;;-59;5,93;;-68;5,85;;-65;4,65;;-68;5,22
-53;4,84;;-69;7,57;;-67;4,99;;-60;5,17;;-59;5,67;;-68;5,14;;-65;4,96;;-71;7,32
-53;5,34;;-68;12,3;;-67;5,36;;-60;5,22;;-59;5,88;;-68;4,96;;-65;4,75;;-68;6,89
-53;4,53;;-68;9,09;;-68;5,27;;-60;5,69;;-59;4,89;;-68;5,79;;-65;6,45;;-71;3,93
-53;4,8;;-68;11,3;;-67;7,64;;-60;5,02;;-59;5,8;;-68;5,45;;-65;5,94;;-71;4,47
-53;4,53;;-68;6,28;;-67;5,51;;-60;4,98;;-59;7,58;;-67;4,89;;-65;4,87;;-68;4,29
-53;4,72;;-68;6;;-67;5,67;;-60;5,3;;-59;5,4;;-68;8,48;;-65;4,47;;-68;4,22
-53;4,56;;-68;12,1;;-67;5,35;;-60;5,69;;-59;5,86;;-65;4,91;;-65;4,99;;-71;7,72
-53;4,37;;-65;14,2;;-67;5,45;;-60;5,11;;-59;4,9;;-68;5,33;;-65;3,91;;-71;7,15
-53;4,29;;-68;5,24;;-67;7,25;;-60;5,86;;-59;5,42;;-68;4,53;;-65;4,58;;-71;4,25
-53;4,67;;-69;15;;-67;5,68;;-60;5,68;;-59;4,93;;-68;5,65;;-65;4,99;;-71;4,21
-53;4,38;;-68;14,6;;-67;5,58;;-60;5,05;;-59;5,3;;-67;6,66;;-65;6,13;;-71;5,18
-53;4,04;;-68;11,3;;-67;5,11;;-60;7,84;;-59;5,69;;-68;4,33;;-65;4,64;;-69;4,02
-52;6,13;;-68;11,5;;-67;5,72;;-60;4,48;;-59;6,53;;-68;4,36;;-65;4,06;;-71;5,53
-53;4,76;;-68;6,43;;-67;5,1;;-60;4,92;;-59;5,5;;-67;4,68;;-66;4,29;;-72;4,2
-53;5,5;;-69;11;;-67;5,51;;-60;4,37;;-56;5,88;;-68;4,59;;-66;4,68;;-71;4,32
-53;4,12;;-68;7,38;;-67;5,75;;-59;8,17;;-59;5,7;;-68;4,63;;-65;7,72;;-71;4,21
-53;4,56;;-68;6,08;;-67;5,74;;-60;5,39;;-59;5,75;;-68;4,67;;-66;6,46;;-68;9,99
-53;4,61;;-68;5,98;;-67;4,96;;-60;4,48;;-59;5,32;;-68;7,88;;-66;4,38;;-72;4,53
-53;4,33;;-69;6,43;;-65;5,61;;-60;6,77;;-59;8,42;;-65;4,06;;-65;4,48;;-72;4,15
-53;4,44;;-68;6,18;;-65;8,01;;-60;7,44;;-59;5,7;;-68;4,39;;-65;4,39;;-71;8,85
-50;6,18;;-68;7,42;;-67;5,66;;-60;5,83;;-59;5,41;;-68;4,62;;-65;4,15;;-72;4,12
-53;4,62;;-68;6,36;;-67;4,94;;-60;5,04;;-59;8,52;;-68;4,06;;-66;4,55;;-72;6,28
-53;4,61;;-68;6,36;;-67;5,58;;-60;6,09;;-59;5,39;;-68;4,1;;-65;6,49;;-69;6,47
-53;5,68;;-68;6,24;;-67;7,75;;-60;5,7;;-59;5,15;;-68;6,99;;-65;6,44;;-72;7,38
-53;4,51;;-69;7,26;;-66;6,61;;-60;5,02;;-59;5,77;;-68;8,06;;-65;4,56;;-72;7,85
-53;4,69;;-68;6,14;;-66;5,8;;-60;5,75;;-59;5,44;;-68;6,86;;-66;7,32;;-69;4,42
-53;4,41;;-69;6,18;;-67;7,37;;-60;4,27;;-59;5,57;;-68;4,07;;-65;5,18;;-71;4,19
-53;4,8;;-68;14,4;;-67;5,88;;-60;5,53;;-59;5,6;;-65;4,64;;-65;5,61;;-72;4,97
-53;7,92;;-68;13,9;;-67;5,59;;-60;4,73;;-59;5,43;;-67;3,92;;-65;4,58;;-69;8,7
-53;4,26;;-68;7,41;;-67;5,57;;-60;7,57;;-59;5,86;;-68;4,72;;-65;4,41;;-72;3,92
-53;4,72;;-68;12,9;;-67;5,53;;-60;5,64;;-59;5,66;;-67;4,48;;-65;8,08;;-72;4,85
-52;4,64;;-69;13,1;;-67;8,84;;-60;5,66;;-59;5,84;;-65;4,26;;-65;5,64;;-72;4,17
-53;7,48;;-68;15,1;;-67;5,6;;-60;5,06;;-59;5,5;;-65;4,06;;-65;4,25;;-71;6,85
-52;4,38;;-68;6,01;;-68;5,81;;-60;5,7;;-59;5,61;;-67;4,57;;-65;4,99;;-71;4,85
-53;4,59;;-68;13,4;;-71;5,59;;-60;3,93;;-59;5,28;;-68;4,02;;-65;3,98;;-71;3,97
-53;4,08;;-68;8,38;;-68;5,73;;-60;5,19;;-59;7,09;;-67;4,18;;-65;4,34;;-69;4,79
-52;4,43;;-68;12;;-68;5,3;;-60;7,3;;-59;5,77;;-68;3,92;;-65;4,64;;-68;4,3
-49;4,69;;-68;5,26;;-68;5,56;;-60;4,05;;-59;5,57;;-68;4,81;;-65;4,51;;-71;4,73
-49;4;;-69;12,3;;-68;6,36;;-60;4,37;;-59;5,02;;-65;6,15;;-65;5,42;;-68;5,73
-53;4,37;;-69;14,1;;-68;5,45;;-59;7;;-59;5,19;;-68;5,89;;-65;5,17;;-71;4,52
-49;4,39;;-68;12,3;;-69;8,55;;-60;4,37;;-59;5,6;;-68;4,86;;-72;7,42;;-71;3,89
-49;4,86;;-69;14,2;;-67;5,19;;-60;4,24;;-59;5,88;;-67;4,9;;-65;5,81;;-71;4,31
-52;7,22;;-69;5,29;;-68;6,19;;-60;4,04;;-59;5,76;;-68;4,64;;-65;4,4;;-70;3,97
-53;4,2;;-68;11,4;;-67;5,26;;-60;4,21;;-59;5,53;;-68;4,46;;-65;5,85;;-71;5,7
-53;4,61;;-68;19,8;;-67;5,68;;-60;4,23;;-59;4,92;;-68;4,88;;-66;5,31;;-71;4,46
-51;4,4;;-68;5,71;;-68;7,36;;-60;5,05;;-58;7,39;;-68;7,87;;-65;6,71;;-72;4,75
-48;6,47;;-68;12,9;;-67;5,44;;-60;4,1;;-59;4,94;;-68;4,47;;-65;5,36;;-71;9,94
-51;4,27;;-68;5,67;;-67;6,03;;-60;4,18;;-59;7,14;;-68;4,67;;-65;7,68;;-72;4,64
-52;4,51;;-68;8,43;;-67;5,7;;-60;4,18;;-59;5,8;;-68;4,76;;-65;5,22;;-72;4,57
-54;4,71;;-69;6,73;;-64;5,68;;-60;4,22;;-59;5,6;;-68;4,8;;-65;7,94;;-71;4,8
-49;4,45;;-69;8,71;;-65;5,5;;-60;5,06;;-59;5,12;;-68;4,69;;-65;5,49;;-71;3,99
-53;6,25;;-68;6,54;;-67;4,99;;-60;4,88;;-59;5,19;;-68;7,8;;-65;5,72;;-71;9,19
-53;4,16;;-68;6,53;;-67;5,21;;-60;7,7;;-59;5,36;;-68;3,97;;-65;5,7;;-72;10,5
-50;4,43;;-68;7,53;;-67;6,65;;-60;4,83;;-59;6,62;;-68;5,62;;-65;4,96;;-71;4,64
-52;4,72;;-67;16,9;;-67;6,9;;-60;6,14;;-59;5,47;;-68;4,47;;-65;4,95;;-71;8,09
-49;7,62;;-65;5,47;;-67;6,05;;-60;4,21;;-59;4,97;;-65;4,84;;-65;7,63;;-72;4,65
-52;4,04;;-68;9,97;;-67;4,95;;-60;4,14;;-59;5,67;;-68;7,68;;-65;6,24;;-69;5,86
-51;3,98;;-68;15,4;;-67;5,24;;-60;3,99;;-59;5,61;;-67;3,99;;-65;5,83;;-71;4,46
-52;4,61;;-66;5,45;;-67;5,39;;-60;4,72;;-59;5,72;;-68;4,53;;-66;5,09;;-72;4,33
-53;3,92;;-71;9,38;;-67;8,75;;-60;4,08;;-59;5,88;;-68;4,79;;-65;5,11;;-71;4,28
-53;7,82;;-65;9,5;;-68;5,55;;-60;4,65;;-59;5,54;;-68;4,61;;-65;5,09;;-68;4,3
-54;4,51;;-68;5,96;;-67;5,65;;-60;4,89;;-59;7,58;;-68;6,08;;-65;5,88;;-69;6,37
-52;4,87;;-65;6,81;;-68;7,7;;-60;4,47;;-59;5,83;;-65;6,62;;-65;7,74;;-72;4,22
-53;3,98;;-73;9,13;;-68;8,4;;-60;4;;-59;5,55;;-68;6,37;;-65;5,09;;-72;4,89
-52;8,33;;-68;9,23;;-68;4,93;;-60;6,08;;-59;5,92;;-68;4,13;;-65;5,73;;-72;4,22
-53;6,89;;-69;13,8;;-67;7,19;;-60;8,29;;-59;7,84;;-68;4,7;;-65;4,98;;-71;7,53
-53;7,85;;-69;6,2;;-67;5,88;;-60;7,16;;-59;7,81;;-68;5,83;;-65;8,2;;-72;8,39
-52;4,79;;-68;6,14;;-67;5,29;;-60;4,07;;-58;5,62;;-65;7,53;;-65;5,82;;-72;5,14
-53;4,2;;-68;6;;-64;5,73;;-60;4,34;;-58;6,61;;-68;4,77;;-65;5,89;;-71;4,45
-52;3,93;;-69;7,85;;-67;4,93;;-60;4,49;;-59;5,72;;-68;7,73;;-65;7,16;;-72;4,71
-52;6,78;;-70;10,3;;-67;5,71;;-60;4,39;;-59;5,71;;-65;4,55;;-65;5,45;;-71;4,83
-52;4,45;;-71;6,07;;-67;5,99;;-60;3,91;;-59;5,71;;-65;4,63;;-65;5,32;;-72;5,38
-53;4,44;;-71;5,54;;-67;8,27;;-60;4,15;;-59;4,96;;-68;4,17;;-65;5,49;;-72;4,18
-52;4,32;;-71;5,14;;-67;4,96;;-60;4,85;;-59;8,27;;-68;6,68;;-65;6,88;;-72;4,14
-54;4,63;;-66;5,11;;-67;6,66;;-60;4,59;;-59;5,65;;-68;4,83;;-65;4,99;;-72;4,35
-53;4,67;;-64;5,2;;-67;5,23;;-60;5,16;;-56;5,24;;-68;4,4;;-65;5,86;;-72;5,48
-54;4,54;;-68;20,8;;-68;5,22;;-60;4,82;;-59;6,97;;-68;7,15;;-65;5,5;;-69;5,46
-54;4,63;;-65;5,26;;-67;5,09;;-60;4,81;;-59;5,28;;-68;3,95;;-65;5,7;;-72;4,11
-54;4,52;;-67;5,14;;-66;5,14;;-60;4,74;;-59;5,15;;-68;4,22;;-65;7,03;;-72;4,15
-53;6,42;;-66;4,93;;-67;5,11;;-60;4,67;;-59;5,84;;-68;4,09;;-65;5,22;;-72;4,79
-53;4,72;;-68;5,14;;-67;8,58;;-60;4,21;;-59;5,59;;-68;4,05;;-65;5,72;;-72;4,09
-54;5,42;;-69;14,4;;-67;5,8;;-60;4,71;;-59;5,68;;-68;5,86;;-65;6,06;;-71;4,76
-54;4,74;;-68;22;;-67;5,73;;-60;4,33;;-59;5;;-67;6,15;;-65;5,41;;-71;4,74
-52;7,92;;-67;11,4;;-64;5,26;;-60;4,61;;-59;5,51;;-68;4,71;;-65;5;;-71;4,49
-52;3,94;;-66;5,01;;-64;5,08;;-60;3,93;;-59;6,62;;-68;4,7;;-65;5,65;;-68;4,07
-49;4,58;;-68;15,9;;-66;5,21;;-60;7,44;;-59;6,47;;-65;5,4;;-65;5,43;;-71;3,95
-54;4,13;;-69;11,4;;-66;5,75;;-60;4,54;;-59;5,26;;-68;4,53;;-65;4,9;;-72;4,29
-52;4,75;;-68;5,99;;-64;5,05;;-60;4,58;;-59;5,46;;-67;4,89;;-65;4,93;;-69;4,3
-53;4,42;;-68;21,2;;-66;5,65;;-60;4,61;;-59;5,46;;-65;5,35;;-65;5,57;;-72;4,13
-54;6,48;;-67;11,5;;-67;7,44;;-59;4,36;;-59;5,06;;-68;4,49;;-65;5,03;;-72;4,77
-53;4,03;;-69;14,3;;-67;5,45;;-60;4,07;;-59;5,85;;-68;4,78;;-65;6,84;;-69;3,93
-53;4,07;;-68;11,4;;-67;5,14;;-60;4,56;;-59;5,54;;-68;4,44;;-65;5,74;;-72;4,86
-49;4,36;;-68;5,17;;-67;5,61;;-60;4,06;;-59;5,41;;-65;4,73;;-65;5,05;;-69;4,97
-53;4,64;;-68;17,1;;-67;9,19;;-60;4,39;;-59;5,75;;-68;4,71;;-65;5,05;;-72;4,81
-52;4,89;;-68;11,1;;-67;5,26;;-60;4,46;;-59;5,5;;-65;4,47;;-65;5,75;;-72;7,97
-52;4,87;;-68;7,1;;-67;7,86;;-59;6,83;;-60;5,06;;-67;4,88;;-65;5,83;;-72;7,79
-52;7,53;;-68;4,9;;-67;5,11;;-60;7,1;;-59;5,24;;-65;5,88;;-65;5,77;;-72;6,58
-52;4,36;;-68;11,8;;-68;4,53;;-59;4,02;;-59;5,3;;-68;4,25;;-65;5,27;;-72;4,8
-53;4,76;;-68;13,7;;-65;6,54;;-60;5,64;;-59;5,44;;-68;4,14;;-65;5,73;;-72;4,12
-50;4,62;;-68;7,48;;-68;7,47;;-60;4,29;;-59;5,02;;-68;4,38;;-65;5,86;;-68;4,08
-52;8,73;;-69;13,5;;-68;7,26;;-60;5,11;;-59;5,56;;-67;4,7;;-65;5,04;;-68;4,64
-53;4,57;;-68;16,7;;-68;6,51;;-60;4,28;;-59;5,14;;-67;4,27;;-65;5,46;;-68;4,65
-53;4,79;;-68;15,3;;-64;5,06;;-60;7,65;;-59;5,75;;-68;4,18;;-65;5,19;;-68;4,75
-53;4,43;;-68;18,3;;-68;4,18;;-60;4,65;;-59;5,11;;-68;4,48;;-65;5,9;;-67;4,66
-53;4,26;;-68;6,42;;-68;7,33;;-60;4,67;;-59;5,16;;-68;4,56;;-65;5,36;;-68;4,75
-52;4,42;;-68;6,77;;-68;4,13;;-60;4,9;;-59;5,97;;-68;4,43;;-66;5,26;;-68;4,67
-52;4,58;;-68;6,31;;-68;5,3;;-60;6,99;;-59;4,99;;-68;4,55;;-66;7,2;;-68;7,01
-53;4,12;;-68;8,33;;-67;4,58;;-60;7,56;;-59;6,77;;-68;4,61;;-65;5,02;;-68;4,77
-53;4,39;;-69;7,5;;-67;4,58;;-60;4,7;;-58;7,77;;-68;4,48;;-65;6,9;;-68;4,4
-52;4,35;;-69;6,4;;-67;4,48;;-60;4,86;;-59;4,95;;-68;5,33;;-65;5,61;;-68;4,75
-52;4,43;;-69;11,2;;-66;7,35;;-60;4,27;;-58;5,7;;-65;4,09;;-66;5,68;;-68;3,93
-52;4,29;;-69;6,42;;-67;7,44;;-60;4,55;;-59;5,45;;-65;7,69;;-65;4,97;;-68;3,99
-52;6,77;;-68;6,17;;-67;3,97;;-60;4,48;;-59;5,63;;-68;4,7;;-65;7,66;;-68;4,29
-52;4,06;;-68;6,57;;-67;7,62;;-60;4,14;;-59;6,04;;-65;4,48;;-65;5,37;;-68;7,82
-52;7,59;;-68;13,2;;-67;4,38;;-60;4,96;;-59;5,3;;-65;4,54;;-66;5,75;;-68;4,68
-53;4,1;;-68;6,25;;-68;4,18;;-60;4,85;;-53;5,13;;-68;4,65;;-65;5,77;;-68;4,15
-53;4,93;;-68;9,5;;-67;4,16;;-60;4,74;;-59;5,27;;-68;4,8;;-65;5,88;;-71;6,48
-53;4,57;;-68;7,63;;-67;4,27;;-60;7,83;;-59;7,88;;-68;4,52;;-66;5,69;;-68;4,1
-52;4,02;;-68;6,01;;-67;5,41;;-60;4,74;;-59;5,28;;-68;4,61;;-65;5,39;;-68;7,18
-53;5,9;;-68;6,41;;-67;6,51;;-60;4,33;;-59;4,46;;-67;6,63;;-65;5,8;;-68;5,29
-53;4,65;;-69;6,5;;-67;4,25;;-59;6,8;;-59;4,52;;-68;4,38;;-66;5,56;;-71;4,44
-53;4,86;;-69;9,37;;-67;4,11;;-59;4,79;;-59;4,53;;-68;4,7;;-65;4,97;;-68;5,23
-53;4,81;;-69;7,26;;-67;6,99;;-59;7,4;;-59;4,6;;-68;4,5;;-65;5,89;;-71;7,53
-52;4,63;;-68;10,4;;-64;4,06;;-59;4,72;;-59;4,94;;-67;7,46;;-65;5,88;;-72;7,66
-52;4,72;;-68;11,3;;-67;4,15;;-59;4,57;;-59;4,85;;-65;4,76;;-65;5,92;;-71;4,82
-53;6,65;;-68;8,25;;-67;4,37;;-59;4,73;;-59;5,68;;-68;4,61;;-65;7,64;;-72;8,55
-53;4,26;;-69;7,85;;-66;4,01;;-59;3,94;;-59;7,76;;-68;4,72;;-65;7,03;;-72;9,94
-53;4,14;;-68;5,97;;-68;4,05;;-59;3,93;;-59;4,84;;-68;4,31;;-65;7,44;;-72;6,21
-53;4,58;;-69;6,4;;-67;4,17;;-59;4,51;;-59;4,07;;-68;4,48;;-65;5,2;;-71;4,13
-53;8,52;;-65;6,52;;-67;4,04;;-59;4,83;;-59;3,94;;-68;4,33;;-65;5,41;;-72;5,31
-53;4,7;;-69;6,02;;-66;4,86;;-59;3,92;;-69;4,02;;-68;4,18;;-65;5,32;;-72;4,46
-53;6,41;;-68;20,5;;-67;3,99;;-59;4,76;;-59;4,05;;-68;4,52;;-65;4,88;;-71;4,37
-53;4,78;;-69;12,9;;-64;4,18;;-59;4,15;;-59;4,9;;-68;4,19;;-65;7,66;;-71;3,95
-53;4,81;;-68;5,09;;-66;4,17;;-59;3,99;;-59;4,93;;-68;4,64;;-65;7,67;;-71;4,04
-53;4,73;;-70;13,1;;-67;4,69;;-59;4,88;;-59;4,66;;-68;5,83;;-65;5,18;;-71;4,13
-52;4,58;;-69;7,42;;-67;4,77;;-59;4,66;;-59;4,65;;-68;4,35;;-65;5,02;;-68;6,64
-53;4,56;;-67;6,38;;-67;4,29;;-59;3,97;;-59;4;;-65;4,07;;-65;4,97;;-71;3,96
-53;4,68;;-68;9,15;;-67;4,62;;-59;4,53;;-59;7,32;;-65;4,85;;-65;5,45;;-71;4,26
-53;4,17;;-68;6,31;;-67;4,5;;-59;4,45;;-59;4,08;;-68;4,96;;-65;5,16;;-68;3,98
-50;6,09;;-70;12,4;;-67;6,32;;-59;4,82;;-59;7,4;;-68;4,85;;-65;6,26;;-68;4,36
-53;4,85;;-65;6,51;;-67;3,92;;-59;3,94;;-59;3,92;;-68;3,95;;-65;5,55;;-71;4,21
-53;6,63;;-70;8,63;;-66;3,9;;-59;4,67;;-59;4,87;;-68;4,06;;-65;4,02;;-68;3,92
-53;6,63;;-67;5,2;;-67;4,63;;-59;4,54;;-59;7,31;;-68;4,14;;-65;4,38;;-71;6,79
-51;4,23;;-63;8,61;;-67;7,34;;-59;7,73;;-71;4,7;;-68;4,59;;-65;3,94;;-70;5,28
-53;4,33;;-70;10,2;;-67;4,61;;-59;4,66;;-59;4,68;;-68;4,43;;-65;4,47;;-68;5,69
-49;7,55;;-63;17,4;;-67;4,85;;-59;4,86;;-59;4,62;;-68;8,53;;-65;4,21;;-68;6,25
-53;4,63;;-61;8,68;;-67;4,74;;-59;4,81;;-59;4,33;;-68;6,71;;-65;3,96;;-68;5,21
-53;4,49;;-62;4,97;;-67;4,14;;-59;4,4;;-59;4,75;;-68;4,23;;-65;4,87;;-71;5,84
-52;6,16;;-72;9,9;;-67;6,93;;-59;5,65;;-59;8,53;;-68;4,41;;-66;4,69;;-72;4,89
-53;4,42;;-65;15,3;;-67;4,2;;-59;4,53;;-59;4,57;;-68;4,91;;-65;4,57;;-72;5,55
-52;5,14;;-70;13,2;;-67;5,28;;-59;4,58;;-59;5,82;;-68;4,88;;-65;3,98;;-72;5,66
-52;4,66;;-62;5,72;;-67;5,34;;-59;4,74;;-60;5,2;;-65;4,49;;-65;7,62;;-72;4,66
-52;4,63;;-66;4,42;;-67;4,85;;-59;4,55;;-59;4,69;;-68;4,8;;-65;4,07;;-72;5,76
-51;4,05;;-67;4,68;;-66;5,69;;-59;4,77;;-59;4,9;;-68;4,73;;-65;5,79;;-72;5,88
-52;4,64;;-67;4,61;;-66;4,3;;-59;4,45;;-56;4,4;;-68;5,34;;-65;4,75;;-72;5,55
-52;4,48;;-67;7,76;;-66;4,72;;-59;5,28;;-59;4,45;;-68;4,19;;-65;7,75;;-72;8,82
-52;4,1;;-67;3,93;;-66;4,88;;-59;5,44;;-58;4,46;;-68;5,36;;-66;3,99;;-71;5,76
-52;4,49;;-66;4,25;;-66;4,7;;-59;3,92;;-56;4,79;;-65;7,79;;-65;5,52;;-71;5,81
-53;4,52;;-65;4,17;;-66;6,83;;-59;4,63;;-59;7,52;;-65;4,08;;-65;6,83;;-68;7,72
-49;4,45;;-66;4,33;;-66;7,37;;-59;6,82;;-59;4,48;;-68;4,44;;-65;7,24;;-68;5,26
-48;4,7;;-67;13,1;;-66;5,34;;-59;7,03;;-59;4,25;;-65;4,85;;-65;8,04;;-71;7,96
-54;4,79;;-64;4,76;;-64;4,87;;-59;4,8;;-59;4,44;;-68;4,13;;-65;4;;-67;5,43
-54;6,49;;-64;4,03;;-66;3,95;;-59;4,23;;-59;4,62;;-68;7,62;;-69;4,31;;-71;5,1
-53;4,26;;-69;7,88;;-66;4,66;;-59;4,04;;-59;4,35;;-68;4,02;;-65;4,11;;-71;7,76
-53;4,42;;-68;5,03;;-66;4,53;;-59;4,7;;-59;6,07;;-68;6,16;;-65;4,65;;-72;4,95
-54;7,56;;-68;4,34;;-66;4,42;;-59;4,06;;-59;6,18;;-68;4,88;;-65;4,27;;-70;5,71
-54;3,92;;-67;6,25;;-67;4,02;;-59;4,25;;-59;4,91;;-68;4,81;;-65;4,81;;-71;5,06
-52;4,87;;-66;10;;-67;3,97;;-59;7,9;;-56;7,58;;-68;4,63;;-65;4,56;;-68;5,34
-53;4,51;;-67;4,88;;-66;4,65;;-59;4,01;;-59;4,68;;-67;6,77;;-65;4,43;;-71;5,42
-52;4,24;;-71;21,7;;-67;4,42;;-59;6,07;;-56;4,84;;-68;4,33;;-65;5,07;;-68;5,32
-52;4,33;;-67;6,86;;-66;3,92;;-59;4,26;;-59;4,76;;-67;4,67;;-65;4,81;;-68;5,58
-53;4,57;;-69;13,5;;-67;4,8;;-59;8,12;;-59;4,13;;-68;4,51;;-65;4,38;;-67;5,55
-54;6,33;;-68;4,54;;-66;8,42;;-59;7,02;;-59;4,76;;-68;4,72;;-65;4,44;;-71;5,1
-53;8,26;;-67;8,18;;-66;4,76;;-59;4,15;;-59;4,2;;-65;4,85;;-65;4,65;;-68;5,78
-53;7,03;;-68;6,36;;-66;4,49;;-59;6,27;;-59;3,93;;-68;5,65;;-65;4,16;;-68;5,26
-53;6,98;;-70;6,42;;-66;6,62;;-59;5,85;;-59;5;;-68;4,4;;-65;4,26;;-68;5,31
-52;4,5;;-74;6,1;;-64;4,29;;-59;3,95;;-59;4,82;;-65;4,52;;-65;7,11;;-68;5,85
-53;7,08;;-71;6,49;;-67;4,31;;-59;4,71;;-59;7,17;;-68;4,03;;-65;5,37;;-71;5,01
-53;3,96;;-68;14,2;;-66;4,38;;-59;4,08;;-59;4,01;;-68;4,59;;-65;4,46;;-68;5,41
-52;6,62;;-70;6,35;;-63;4,27;;-59;4,8;;-59;4,79;;-67;4,49;;-65;3,92;;-71;4,95
-53;4,01;;-72;6,19;;-64;6,56;;-59;4,27;;-59;4,21;;-68;3,91;;-65;4,83;;-67;5,79
-53;8,05;;-81;13,5;;-66;4,78;;-59;5,95;;-58;4,89;;-68;4,23;;-66;4,81;;-68;4,97
-52;4,67;;-68;8,11;;-66;4,23;;-59;3,96;;-59;7,63;;-68;4,52;;-65;4,13;;-67;5,23
-53;5,35;;-64;6,45;;-66;4,78;;-59;4,86;;-59;4,8;;-68;4,59;;-65;4,65;;-67;8,18
-53;4,84;;-74;6,33;;-67;3,97;;-59;7,19;;-58;4,73;;-68;8,45;;-65;5,5;;-70;5,78
-52;4,94;;-66;6,01;;-67;3,95;;-59;6,88;;-56;4,54;;-68;4,76;;-65;4,57;;-67;5,75
-52;4,84;;-66;6,09;;-67;5,72;;-59;4,78;;-59;4,05;;-67;5,91;;-66;4,63;;-69;5,77
-49;5,52;;-68;8,94;;-67;4,62;;-59;5,44;;-59;4,57;;-68;8,58;;-65;4,23;;-68;5,75
-52;4,87;;-62;6,09;;-67;4,43;;-59;4,58;;-59;4,6;;-68;4,06;;-65;4,76;;-68;5,87
-50;5,5;;-64;7,91;;-67;4,77;;-59;5,68;;-59;5,74;;-68;3,96;;-65;4,03;;-67;5,68
-52;5,84;;-67;12,3;;-66;4,01;;-59;4,35;;-59;7,37;;-67;6,17;;-65;6,12;;-71;11,8
-52;6,72;;-64;5,5;;-66;6,44;;-59;4,66;;-59;6,22;;-68;4,54;;-65;4,22;;-67;9,9
-53;5,08;;-66;3,97;;-66;4,04;;-59;5,81;;-59;4,38;;-68;4,11;;-65;4,79;;-69;4,91
-52;5,55;;-67;7,61;;-67;6,06;;-59;5,57;;-59;4,76;;-68;4,02;;-65;4,11;;-68;5,79
-53;5,39;;-67;6,76;;-66;4,09;;-59;4,67;;-59;4,1;;-68;4,74;;-65;4,63;;-67;5
-52;5,4;;-67;13,5;;-66;7,39;;-59;5,89;;-59;4,54;;-68;6,84;;-65;4,23;;-71;5,72
-52;7,38;;-67;7,54;;-67;4,38;;-59;5,68;;-59;4,9;;-67;7,73;;-65;4,67;;-68;5,85
-52;5,85;;-67;7,71;;-66;4,77;;-59;5,66;;-59;4,31;;-65;4,51;;-65;4,46;;-68;5,82
-50;5,45;;-70;10,2;;-63;4,79;;-59;4,93;;-59;4,34;;-68;4,71;;-65;4,46;;-71;5,55
-52;6,75;;-69;7,41;;-66;4,03;;-59;5,69;;-59;4,31;;-67;4,58;;-65;4,58;;-70;5,88
-52;5,7;;-68;9,27;;-66;4,73;;-59;5,66;;-59;6,33;;-67;4,05;;-65;3,99;;-68;5,77
-52;5,01;;-67;18,5;;-64;5,25;;-59;5,66;;-59;4,84;;-68;4,82;;-65;4,82;;-68;5,52
-50;5,72;;-70;11;;-66;3,98;;-59;5,88;;-59;3,95;;-68;4,67;;-65;6,56;;-68;9,66
-52;5,6;;-69;17,1;;-66;4,86;;-59;5,47;;-59;4,48;;-68;4,41;;-65;4,73;;-68;5,8
-52;5,24;;-67;12,2;;-66;5,32;;-59;5,5;;-59;6,73;;-68;4,47;;-65;4,6;;-68;5,26
-52;7,97;;-69;4,24;;-66;4,64;;-59;5,65;;-59;4,3;;-68;4,7;;-65;4,36;;-67;5,51
-52;5,92;;-70;14,2;;-67;5,89;;-59;5,72;;-59;4,08;;-68;4,79;;-65;5,5;;-67;5,38
-50;5,47;;-69;12,7;;-66;4,37;;-59;5,06;;-59;4,06;;-68;4,69;;-65;5,44;;-70;5,74
-52;5,57;;-68;6,04;;-64;4,85;;-59;7,85;;-59;7,12;;-68;5,74;;-65;4,28;;-70;5,75
-53;5;;-68;6,23;;-63;4,9;;-59;7,04;;-59;4,74;;-68;4,11;;-65;4,99;;-70;4,92
-53;5,73;;-68;6,04;;-66;4,38;;-59;5,62;;-59;4,83;;-68;4,28;;-65;4,44;;-67;5,53
-50;5,67;;-66;6,79;;-67;5,43;;-59;5,8;;-59;4,61;;-65;5,68;;-65;5,36;;-68;7,53
-53;5,14;;-69;6,82;;-67;4,02;;-59;5,79;;-59;4,85;;-68;4,8;;-65;4,84;;-70;5,87
-52;5,73;;-69;15,4;;-66;3,96;;-59;5,4;;-59;4,97;;-75;4,79;;-65;3,9;;-67;8,81
-53;4,98;;-69;8,96;;-63;7,18;;-59;5,58;;-59;4,86;;-68;5,31;;-65;4,64;;-68;8,64
-53;5,28;;-68;6,19;;-66;4,19;;-59;8,11;;-59;4,66;;-68;4,94;;-65;4;;-67;5,77
-51;5,67;;-65;6,24;;-67;4,71;;-59;5,51;;-59;3,9;;-65;5,66;;-65;4,21;;-67;5,69
-48;5,7;;-70;6,16;;-66;4,86;;-59;5,24;;-59;4,01;;-68;5,32;;-66;4,02;;-66;5,48
-52;6,71;;-68;7,62;;-67;4,26;;-59;8,22;;-59;7,82;;-68;5,63;;-65;6,36;;-70;6,73
-51;5,31;;-68;16;;-66;4,59;;-59;5,21;;-59;4,43;;-68;5,43;;-66;4,84;;-69;5,33
-52;6,94;;-68;6,14;;-67;6,2;;-59;5,27;;-59;4,04;;-68;5,25;;-65;4,43;;-67;4,99
-52;6,51;;-68;6,33;;-67;4,06;;-59;5,38;;-59;8,02;;-68;5,78;;-66;4,45;;-67;7,68
-52;5,87;;-69;16,2;;-67;4,32;;-59;5,8;;-59;4,72;;-68;5,61;;-66;6,44;;-67;5,43
-52;5,78;;-68;15,4;;-67;4,44;;-59;5,27;;-59;4,12;;-68;5,21;;-66;4,63;;-68;5,06
-51;8,54;;-69;16,9;;-67;4,83;;-59;5,1;;-59;4,61;;-68;5,45;;-66;4,07;;-67;6,51
-49;5,46;;-68;6,69;;-67;6,46;;-59;5,24;;-59;4,28;;-68;5,49;;-75;4,24;;-70;5,56
-52;5,68;;-68;10,8;;-67;4,41;;-60;5,1;;-59;4,7;;-65;7,6;;-66;4,5;;-70;5,45
-52;7,52;;-68;8,66;;-64;7,36;;-60;5,04;;-59;4,81;;-68;6,97;;-63;4,74;;-67;7,47
-51;5,84;;-68;15,6;;-66;4,21;;-60;5,81;;-59;7,04;;-68;4,95;;-66;4,15;;-69;5,79
-51;5,24;;-68;6,13;;-67;7,7;;-59;5,59;;-59;4,79;;-65;4,89;;-66;4,56;;-68;5,06
-52;5,83;;-69;6,24;;-66;4;;-60;5,18;;-56;4,75;;-68;5,88;;-65;4,99;;-68;7,48
-52;5,78;;-74;6,22;;-63;4,76;;-60;5,39;;-59;5,36;;-67;4,97;;-66;6,23;;-70;8,61
-52;4,98;;-69;7,38;;-66;4,59;;-59;5,86;;-59;7,49;;-65;4,92;;-66;3,89;;-68;8,29
-49;5,27;;-69;16,4;;-66;4,32;;-59;5,24;;-59;4,73;;-65;5,09;;-65;4,42;;-68;5,78
-51;5,65;;-69;6,17;;-66;6,23;;-59;7,37;;-59;4,42;;-68;4,89;;-65;4,77;;-70;5,42
-52;7,04;;-69;5,98;;-64;6,31;;-59;5,92;;-59;4,45;;-68;5,78;;-65;4,76;;-71;5,52
-51;5,56;;-69;6,16;;-66;3,93;;-59;5,11;;-59;5,66;;-68;5,22;;-65;6,54;;-71;5,81
-49;5,83;;-69;10,4;;-66;4,65;;-59;5,43;;-59;4,55;;-68;5,15;;-65;7,96;;-70;5,04
-52;5,56;;-69;9,61;;-67;4,52;;-59;5,62;;-59;4,58;;-65;5,75;;-65;4,53;;-67;9,28
-49;5,45;;-66;11,5;;-66;4,06;;-59;5,82;;-59;7,75;;-68;5,98;;-65;4,33;;-67;5,15
-53;5,71;;-69;9,56;;-66;4,65;;-59;5,23;;-59;4,21;;-68;5,03;;-65;4,93;;-68;5
-52;5,47;;-68;6,36;;-66;4,29;;-59;4,99;;-59;4,69;;-68;5,2;;-65;5,75;;-68;5,22
-52;5,4;;-69;9,22;;-67;6,63;;-60;5,32;;-59;4,72;;-68;5,85;;-66;4,68;;-68;5,04
-52;5,06;;-69;5,94;;-67;4,21;;-59;5,58;;-59;4,73;;-68;6,48;;-66;4,59;;-68;10,1
-52;5,68;;-69;6,13;;-67;4,66;;-59;7,16;;-59;4,73;;-68;8,36;;-66;4,21;;-70;8,6
-52;5,08;;-69;6,32;;-67;6,12;;-60;5,22;;-59;4,81;;-73;5,53;;-66;4,49;;-70;5,89
-52;5,09;;-69;9,7;;-67;3,95;;-59;7,67;;-59;4,55;;-68;7,87;;-65;7,65;;-67;7,9
-52;5,37;;-66;6,6;;-67;5,6;;-59;5,29;;-58;4,44;;-68;5,87;;-65;4,62;;-67;7,46
-48;5,64;;-69;11,3;;-66;6,36;;-59;5,38;;-58;4,45;;-67;5,88;;-66;4,6;;-67;5,12
-52;5,45;;-69;9,16;;-67;4,46;;-59;5,11;;-59;7,51;;-67;5,85;;-65;4,64;;-67;5,1
-52;5,21;;-66;7,37;;-67;4,79;;-59;8,1;;-59;5,28;;-67;7,81;;-65;4,48;;-70;5,86
-52;4,93;;-68;6,16;;-66;4,74;;-60;5,85;;-59;4,61;;-67;5,89;;-66;4,84;;-70;5,38
-52;5,25;;-68;10,3;;-67;4,7;;-59;4,9;;-59;4,87;;-68;5,56;;-65;7,68;;-68;5,08
-52;7,5;;-68;6,44;;-67;4,63;;-60;4,96;;-59;4,28;;-67;5,64;;-66;4,52;;-71;5,22
-73;7,25;;-65;6,32;;-66;4,38;;-59;5,86;;-59;4,54;;-67;5,28;;-66;4,36;;-68;5,36
-52;5,75;;-68;16,6;;-66;3,9;;-60;4,94;;-59;6,47;;-68;5,86;;-66;4,34;;-71;4,9
-52;5,48;;-65;4;;-67;4,78;;-60;5,1;;-59;4,49;;-67;7,77;;-66;5,43;;-72;5,05
-52;5,42;;-68;12,9;;-67;4,21;;-60;5,69;;-59;4,41;;-68;7,52;;-66;4,78;;-71;5
-52;4,89;;-68;12,8;;-67;3,91;;-59;5,46;;-59;4,44;;-68;5,66;;-66;4,85;;-72;5,7
-52;7,43;;-68;14,2;;-64;4,59;;-60;4,96;;-59;4,56;;-68;5,51;;-66;4,51;;-71;5,78
-51;4,98;;-68;8,48;;-67;3,89;;-60;5,49;;-59;5,31;;-68;5,15;;-65;4,88;;-71;5,5
-49;7,16;;-68;10,5;;-67;7,54;;-60;5,26;;-59;6,32;;-68;5,6;;-65;4,39;;-72;8,55
-52;5,86;;-68;6,26;;-66;5,72;;-60;5,22;;-59;4,32;;-68;5,16;;-65;4,41;;-71;7,58
-52;4,91;;-68;6,05;;-67;5,62;;-60;5,18;;-59;4,78;;-68;5,24;;-65;4,25;;-71;9,12
-50;5,26;;-68;21,7;;-67;5,63;;-60;5,85;;-59;6,8;;-68;8,4;;-65;4,2;;-72;7,46
-52;4,99;;-68;14,6;;-67;6,25;;-60;4,96;;-59;4,31;;-68;5,4;;-65;4,43;;-71;5,49
-53;5,15;;-68;19,2;;-67;7,43;;-59;5,34;;-59;5,52;;-65;7,91;;-65;4,72;;-71;5,57
-51;8,73;;-68;12,4;;-67;6,41;;-59;5,14;;-59;4,5;;-65;8,2;;-65;4,16;;-69;5,44
-53;4,9;;-68;6,12;;-67;4,06;;-60;5,24;;-59;4,66;;-68;4,9;;-65;4,83;;-68;5,42
-52;5,44;;-68;14,3;;-67;4,51;;-60;5,26;;-59;5,39;;;;;-65;4,67;;-69;5,73
-52;5,57;;-68;10;;-67;5,87;;-59;8,49;;-59;7,05;;;;;-65;4,8;;-68;5,5
-49;7,67;;;;;-67;4,54;;-59;5,1;;-59;4,14;;;;;-65;4,56;;-68;5,82
-52;5,22;;;;;-64;4,6;;;;;-59;4,2;;;;;-65;3,93;;-68;5,07
-52;5;;;;;-67;4,57;;;;;-59;4,33;;;;;-65;4,9;;-71;7,1
-49;5,15;;;;;-73;4,51;;;;;-59;4,11;;;;;-65;4,06;;-71;4,9
-47;5,77;;;;;-67;4,41;;;;;-59;4;;;;;-65;7,83;;-68;9,81
-52;5,42;;;;;;;;;;;-59;7,83;;;;;;;;;
-52;5,81;;;;;;;;;;;;;;;;;;;;;
;;;;;;;;;;;;;;;;;;;;;;
;;;;;;;;;;;;;;;;;;;;;;
