timestamp;position_id;client_id;rssi;snr;mcs;tx_retries
1773175356;4;1;-65;22;6;0
1773175357;4;1;-65;22;6;0
1773175359;4;1;-65;21;5;11
1773175360;4;1;-65;22;5;11
1773175362;4;1;-65;22;10;11
1773175363;4;1;-64;23;10;11
1773175364;4;1;-62;24;6;11
1773175366;4;1;-56;27;6;11
1773175367;4;1;-56;27;10;11
1773175369;4;1;-55;27;6;11
1773175370;4;1;-54;27;6;11
1773175371;4;1;-55;26;6;11
1773175373;4;1;-61;24;6;11
1773175377;4;1;-59;26;3;99
1773175378;4;1;-58;26;3;99
1773175380;4;1;-57;26;3;99
1773175381;4;1;-56;26;3;99
1773175382;4;1;-57;26;6;99
1773175384;4;1;-55;26;6;99
1773175385;4;1;-56;26;6;99
1773175386;4;1;-56;27;6;99
1773175388;4;1;-57;26;6;99
1773175389;4;1;-55;26;6;99
1773175391;4;1;-57;27;6;99
1773175392;4;1;-60;25;6;99
1773175393;4;1;-63;24;6;99
1773175395;4;1;-62;25;6;99
1773175396;4;1;-62;24;6;99
1773175398;4;1;-62;25;6;99
1773175399;4;1;-63;24;6;99
1773175400;4;1;-63;24;6;99
1773175402;4;1;-59;26;6;99
1773175403;4;1;-58;26;6;99
1773175404;4;1;-58;27;4;105
1773175406;4;1;-56;26;4;105
1773175407;4;1;-56;26;4;105
1773175409;4;1;-56;26;4;105
1773175410;4;1;-56;26;10;105
1773175411;4;1;-56;27;10;105
1773175413;4;1;-57;26;10;105
1773175414;4;1;-56;26;10;105
1773175415;4;1;-55;26;10;105
1773175417;4;1;-56;26;10;105
1773175418;4;1;-56;27;10;105
1773175420;4;1;-56;26;10;105
1773175421;4;1;-57;26;10;105
1773175422;4;1;-57;26;10;105
1773175424;4;1;-59;25;10;105
1773175425;4;1;-58;27;10;105
1773175426;4;1;-56;26;10;105
1773175428;4;1;-57;26;10;105
1773175429;4;1;-58;26;10;105
1773175431;4;1;-58;27;10;105
1773175432;4;1;-58;27;10;105
1773175433;4;1;-57;26;10;105
1773175435;4;1;-57;26;4;107
1773175436;4;1;-58;27;4;107
1773175438;4;1;-57;27;4;107
1773175439;4;1;-56;26;4;107
1773175440;4;1;-58;26;10;107
1773175442;4;1;-57;26;10;107
1773175443;4;1;-58;26;10;107
1773175444;4;1;-58;26;10;107
1773175446;4;1;-58;26;10;107
1773175447;4;1;-56;26;10;107
1773175449;4;1;-56;26;10;107
1773175450;4;1;-57;26;10;107
1773175451;4;1;-59;26;10;107
1773175453;4;1;-59;26;10;107
1773175454;4;1;-58;26;10;107
1773175456;4;1;-57;26;10;107
1773175457;4;1;-57;27;10;107
1773175458;4;1;-58;27;10;107
1773175460;4;1;-57;26;10;107
1773175461;4;1;-56;26;10;107
1773175462;4;1;-56;27;10;107
1773175464;4;1;-56;26;10;107
1773175465;4;1;-58;27;4;109
1773175467;4;1;-56;26;4;109
1773175468;4;1;-57;26;4;109
1773175469;4;1;-58;26;4;109
1773175471;4;1;-58;26;10;109
1773175472;4;1;-57;26;10;109
1773175473;4;1;-57;26;10;109
1773175475;4;1;-56;26;10;109
1773175476;4;1;-55;26;10;109
1773175478;4;1;-56;27;10;109
1773175479;4;1;-58;26;10;109
1773175480;4;1;-57;26;10;109
1773175482;4;1;-57;26;10;109
1773175483;4;1;-57;26;10;109
1773175485;4;1;-58;27;10;109
1773175486;4;1;-57;26;10;109
1773175487;4;1;-57;26;10;109
1773175489;4;1;-56;27;10;109
1773175490;4;1;-56;27;10;109
1773175491;4;1;-56;26;10;109
1773175493;4;1;-56;26;10;109
1773175494;4;1;-56;27;10;109
1773175496;4;1;-58;26;4;113
1773175497;4;1;-56;26;4;113
1773175498;4;1;-56;26;4;113
1773175500;4;1;-56;27;4;113
1773175501;4;1;-56;27;10;113
1773175503;4;1;-56;27;10;113
1773175504;4;1;-57;26;10;113
1773175505;4;1;-56;27;10;113
1773175507;4;1;-58;26;10;113
1773175508;4;1;-56;26;10;113
1773175509;4;1;-54;26;10;113
1773175511;4;1;-55;26;10;113
1773175512;4;1;-55;26;10;113
1773175514;4;1;-56;26;10;113
1773175515;4;1;-55;26;10;113
1773175516;4;1;-55;26;10;113
1773175518;4;1;-55;26;10;113
1773175519;4;1;-55;27;10;113
1773175520;4;1;-56;26;10;113
1773175522;4;1;-56;26;10;113
1773175523;4;1;-56;26;10;113
1773175525;4;1;-55;26;10;113
1773175526;4;1;-58;27;4;116
1773175527;4;1;-56;26;4;116
1773175529;4;1;-56;26;4;116
1773175530;4;1;-56;27;4;116
1773175532;4;1;-56;26;10;116
1773175533;4;1;-56;27;10;116
1773175534;4;1;-56;26;10;116
1773175536;4;1;-56;27;10;116
1773175537;4;1;-56;27;10;116
1773175538;4;1;-56;27;10;116
1773175540;4;1;-56;27;10;116
1773175541;4;1;-57;26;10;116
1773175543;4;1;-56;27;10;116
1773175544;4;1;-57;26;10;116
1773175545;4;1;-57;27;10;116
1773175547;4;1;-56;27;10;116
1773175548;4;1;-56;27;10;116
1773175549;4;1;-54;27;10;116
1773175551;4;1;-55;26;10;116
1773175552;4;1;-55;27;10;116
1773175554;4;1;-55;27;10;116
1773175555;4;1;-56;27;10;116
1773175556;4;1;-54;28;7;121
1773175558;4;1;-57;26;7;121
1773175559;4;1;-56;27;7;121
1773175561;4;1;-57;26;7;121
1773175562;4;1;-56;26;10;121
1773175563;4;1;-57;26;10;121
1773175565;4;1;-56;27;10;121
1773175566;4;1;-55;27;10;121
1773175567;4;1;-57;27;10;121
1773175569;4;1;-56;27;10;121
1773175570;4;1;-56;27;10;121
1773175572;4;1;-57;27;10;121
1773175573;4;1;-55;27;10;121
1773175574;4;1;-54;26;10;121
1773175576;4;1;-55;27;10;121
1773175577;4;1;-56;26;10;121
1773175579;4;1;-56;26;10;121
1773175580;4;1;-56;26;10;121
1773175581;4;1;-56;26;10;121
1773175583;4;1;-54;26;10;121
1773175584;4;1;-55;27;10;121
1773175585;4;1;-57;27;10;121
1773175587;4;1;-57;26;6;123
1773175588;4;1;-54;27;6;123
1773175590;4;1;-56;26;6;123
1773175591;4;1;-55;26;6;123
1773175592;4;1;-55;26;10;123
1773175594;4;1;-57;26;10;123
1773175595;4;1;-57;26;10;123
1773175596;4;1;-56;27;10;123
1773175598;4;1;-57;26;10;123
1773175599;4;1;-58;26;10;123
1773175601;4;1;-57;27;10;123
1773175602;4;1;-56;27;10;123
1773175603;4;1;-57;26;10;123
1773175605;4;1;-56;26;10;123
1773175606;4;1;-56;26;10;123
1773175608;4;1;-55;27;10;123
1773175609;4;1;-56;27;10;123
1773175610;4;1;-56;27;10;123
1773175612;4;1;-56;27;10;123
1773175613;4;1;-56;27;10;123
1773175614;4;1;-56;27;10;123
1773175616;4;1;-55;27;10;123
1773175617;4;1;-57;26;0;124
1773175619;4;1;-57;26;0;124
1773175620;4;1;-56;26;0;124
1773175621;4;1;-55;27;10;124
1773175623;4;1;-56;27;10;124
1773175624;4;1;-55;27;10;124
1773175626;4;1;-55;27;10;124
1773175627;4;1;-56;27;10;124
1773175628;4;1;-56;26;10;124
1773175630;4;1;-57;26;10;124
1773175631;4;1;-56;26;10;124
1773175632;4;1;-56;27;10;124
1773175634;4;1;-56;26;10;124
1773175635;4;1;-57;26;10;124
1773175637;4;1;-56;26;10;124
1773175638;4;1;-55;27;10;124
1773175639;4;1;-57;26;10;124
1773175641;4;1;-56;26;10;124
1773175642;4;1;-56;27;10;124
1773175644;4;1;-55;27;10;124
1773175645;4;1;-55;27;10;124
1773175646;4;1;-55;27;10;124
1773175648;4;1;-57;26;6;130
1773175649;4;1;-56;27;6;130
1773175650;4;1;-57;27;6;130
1773175652;4;1;-55;27;10;130
1773175653;4;1;-55;27;10;130
1773175655;4;1;-55;27;10;130
1773175656;4;1;-55;27;10;130
1773175657;4;1;-56;26;10;130
1773175659;4;1;-56;27;10;130
1773175660;4;1;-56;26;10;130
1773175661;4;1;-56;27;10;130
1773175663;4;1;-56;26;10;130
1773175664;4;1;-56;27;10;130
1773175666;4;1;-56;27;10;130
1773175667;4;1;-55;26;10;130
1773175668;4;1;-56;27;10;130
1773175670;4;1;-55;26;10;130
1773175671;4;1;-54;27;10;130
1773175673;4;1;-55;27;10;130
1773175674;4;1;-56;27;10;130
1773175675;4;1;-55;26;10;130
1773175677;4;1;-55;26;10;130
1773175678;4;1;-57;27;6;131
1773175679;4;1;-55;26;6;131
1773175681;4;1;-56;26;6;131
1773175682;4;1;-56;26;10;131
1773175684;4;1;-56;27;6;131
1773175685;4;1;-54;27;6;131
1773175686;4;1;-55;27;6;131
1773175688;4;1;-56;27;6;131
1773175689;4;1;-56;27;6;131
1773175691;4;1;-55;27;6;131
1773175692;4;1;-55;27;6;131
1773175693;4;1;-55;26;6;131
1773175695;4;1;-56;26;6;131
1773175696;4;1;-56;26;6;131
1773175697;4;1;-55;26;6;131
1773175699;4;1;-55;26;6;131
1773175700;4;1;-56;27;6;131
1773175702;4;1;-56;26;6;131
1773175703;4;1;-56;26;6;131
1773175704;4;1;-56;27;6;131
1773175706;4;1;-56;27;6;131
1773175707;4;1;-55;27;6;131
1773175709;4;1;-57;26;6;135
1773175710;4;1;-56;26;6;135
1773175711;4;1;-56;26;6;135
1773175713;4;1;-55;27;10;135
1773175714;4;1;-56;26;10;135
1773175715;4;1;-56;26;10;135
1773175717;4;1;-55;27;10;135
1773175718;4;1;-55;27;10;135
1773175720;4;1;-56;27;10;135
1773175721;4;1;-57;26;10;135
1773175722;4;1;-57;27;10;135
1773175724;4;1;-56;26;10;135
1773175725;4;1;-56;27;10;135
1773175726;4;1;-55;26;10;135
1773175728;4;1;-55;27;10;135
1773175729;4;1;-56;27;10;135
1773175731;4;1;-56;27;10;135
1773175732;4;1;-56;27;10;135
1773175733;4;1;-55;26;10;135
1773175735;4;1;-56;26;10;135
1773175736;4;1;-55;26;10;135
1773175738;4;1;-56;26;6;135
1773175739;4;1;-57;27;6;139
1773175740;4;1;-56;26;6;139
1773175742;4;1;-56;26;6;139
1773175743;4;1;-55;26;6;139
1773175744;4;1;-54;26;6;139
1773175746;4;1;-57;26;6;139
1773175747;4;1;-56;27;6;139
1773175749;4;1;-56;27;6;139
1773175750;4;1;-55;27;6;139
1773175751;4;1;-56;27;6;139
1773175753;4;1;-56;27;6;139
1773175754;4;1;-56;26;6;139
1773175756;4;1;-56;26;6;139
1773175757;4;1;-57;26;6;139
1773175758;4;1;-57;26;6;139
1773175760;4;1;-55;26;6;139
1773175761;4;1;-54;26;6;139
1773175762;4;1;-56;26;6;139
1773175764;4;1;-56;26;6;139
1773175765;4;1;-55;27;6;139
1773175767;4;1;-55;26;6;139
1773175768;4;1;-54;27;6;139
1773175769;4;1;-55;27;6;142
1773175771;4;1;-54;27;6;142
1773175772;4;1;-56;26;6;142
1773175774;4;1;-57;26;6;142
1773175775;4;1;-55;27;10;142
1773175776;4;1;-55;27;10;142
1773175778;4;1;-55;27;10;142
1773175779;4;1;-57;27;10;142
1773175780;4;1;-56;26;10;142
1773175782;4;1;-55;26;10;142
1773175783;4;1;-56;27;10;142
1773175785;4;1;-57;27;10;142
1773175786;4;1;-56;26;10;142
1773175787;4;1;-55;27;10;142
1773175789;4;1;-56;26;10;142
1773175790;4;1;-57;26;10;142
1773175791;4;1;-56;27;10;142
1773175793;4;1;-57;26;10;142
1773175794;4;1;-56;26;10;142
1773175796;4;1;-56;26;10;142
1773175797;4;1;-56;27;10;142
1773175798;4;1;-56;26;10;142
1773175800;4;1;-57;27;6;142
1773175801;4;1;-57;26;6;142
1773175803;4;1;-54;25;6;142
1773175804;4;1;-55;27;6;142
1773175805;4;1;-55;26;6;142
1773175807;4;1;-55;27;6;142
1773175808;4;1;-56;26;6;142
1773175809;4;1;-58;26;6;142
1773175811;4;1;-56;27;6;142
1773175812;4;1;-55;27;6;142
1773175814;4;1;-58;26;6;142
1773175815;4;1;-56;27;6;142
1773175816;4;1;-58;26;6;142
1773175818;4;1;-56;26;6;142
1773175819;4;1;-55;27;6;142
1773175821;4;1;-55;27;6;142
1773175822;4;1;-54;27;6;142
1773175823;4;1;-55;27;6;142
1773175825;4;1;-55;27;6;142
1773175826;4;1;-56;27;6;142
1773175827;4;1;-57;26;6;142
1773175829;4;1;-56;26;6;142
1773175830;4;1;-57;27;6;143
1773175832;4;1;-56;27;6;143
1773175833;4;1;-55;26;6;143
1773175834;4;1;-57;27;6;143
1773175836;4;1;-56;27;10;143
1773175837;4;1;-56;26;10;143
1773175838;4;1;-55;27;10;143
1773175840;4;1;-56;26;10;143
1773175841;4;1;-56;26;10;143
1773175843;4;1;-56;26;10;143
1773175844;4;1;-58;27;10;143
1773175845;4;1;-56;27;10;143
1773175847;4;1;-57;26;10;143
1773175848;4;1;-57;27;10;143
1773175850;4;1;-56;27;10;143
1773175851;4;1;-55;27;10;143
1773175852;4;1;-56;27;10;143
1773175854;4;1;-57;26;10;143
1773175855;4;1;-56;27;10;143
1773175856;4;1;-56;27;10;143
1773175858;4;1;-57;26;10;143
1773175859;4;1;-55;27;10;143
1773175861;4;1;-58;26;6;145
1773175862;4;1;-56;27;6;145
1773175863;4;1;-55;27;6;145
1773175865;4;1;-56;27;6;145
1773175866;4;1;-55;27;6;145
1773175868;4;1;-56;26;6;145
1773175869;4;1;-54;27;6;145
1773175870;4;1;-55;27;6;145
1773175872;4;1;-56;26;6;145
1773175873;4;1;-56;26;6;145
1773175874;4;1;-56;27;6;145
1773175876;4;1;-57;26;6;145
1773175877;4;1;-56;27;6;145
1773175879;4;1;-56;26;6;145
1773175880;4;1;-56;26;6;145
1773175881;4;1;-56;27;6;145
1773175883;4;1;-56;27;6;145
1773175884;4;1;-56;26;6;145
1773175885;4;1;-55;27;6;145
1773175887;4;1;-55;26;6;145
1773175888;4;1;-57;26;6;145
1773175890;4;1;-56;27;6;145
1773175891;4;1;-57;27;6;145
1773175892;4;1;-57;26;6;145
1773175894;4;1;-56;27;6;145
1773175895;4;1;-56;26;10;145
1773175897;4;1;-57;27;10;145
1773175898;4;1;-57;27;10;145
1773175899;4;1;-56;27;10;145
1773175901;4;1;-55;26;10;145
1773175902;4;1;-57;26;10;145
1773175903;4;1;-58;26;10;145
1773175905;4;1;-58;26;10;145
1773175906;4;1;-57;26;10;145
1773175908;4;1;-57;26;10;145
1773175909;4;1;-57;26;10;145
1773175910;4;1;-56;27;10;145
1773175912;4;1;-56;26;10;145
1773175913;4;1;-57;27;10;145
1773175915;4;1;-56;27;10;145
1773175916;4;1;-56;26;10;145
1773175917;4;1;-56;26;10;145
1773175919;4;1;-55;26;10;145
1773175920;4;1;-56;27;10;145
1773175921;4;1;-55;27;6;148
1773175923;4;1;-55;26;6;148
1773175924;4;1;-56;27;6;148
1773175926;4;1;-56;27;6;148
1773175927;4;1;-57;27;6;148
1773175928;4;1;-55;27;6;148
1773175930;4;1;-56;27;6;148
1773175931;4;1;-55;27;6;148
1773175933;4;1;-55;27;6;148
1773175934;4;1;-56;27;6;148
1773175935;4;1;-56;26;6;148
1773175937;4;1;-55;27;6;148
1773175938;4;1;-55;27;6;148
1773175939;4;1;-57;26;6;148
1773175941;4;1;-57;26;6;148
1773175942;4;1;-57;26;6;148
1773175944;4;1;-56;27;6;148
1773175945;4;1;-56;27;6;148
1773175946;4;1;-55;27;6;148
1773175948;4;1;-54;28;6;148
1773175949;4;1;-54;28;6;148
1773175950;4;1;-54;27;6;148
1773175952;4;1;-54;27;6;149
1773175953;4;1;-55;26;6;149
1773175955;4;1;-57;26;6;149
1650299786;4;2;-59;26;4;0
1650299788;4;2;-59;26;4;0
1650299789;4;2;-60;26;4;0
1650299790;4;2;-59;27;4;8
1650299792;4;2;-59;27;4;8
1650299793;4;2;-59;26;4;8
1650299795;4;2;-59;26;4;8
1650299796;4;2;-60;26;4;8
1650299797;4;2;-59;26;4;8
1650299799;4;2;-60;26;4;8
1650299800;4;2;-59;26;4;8
1650299801;4;2;-59;26;4;8
1650299803;4;2;-59;27;4;8
1650299804;4;2;-59;27;4;8
1650299806;4;2;-59;27;4;8
1650299807;4;2;-58;27;4;8
1650299808;4;2;-58;27;4;8
1650299810;4;2;-58;27;4;8
1650299811;4;2;-59;26;4;8
1650299813;4;2;-58;27;4;8
1650299814;4;2;-59;26;4;8
1650299815;4;2;-59;27;4;8
1650299817;4;2;-59;27;4;8
1650299818;4;2;-58;27;4;8
1650299819;4;2;-58;26;4;8
1650299821;4;2;-59;27;5;10
1650299822;4;2;-59;27;5;10
1650299824;4;2;-59;27;5;10
1650299825;4;2;-59;27;5;10
1650299826;4;2;-59;27;5;10
1650299828;4;2;-59;26;5;10
1650299829;4;2;-59;26;5;10
1650299830;4;2;-59;27;5;10
1650299832;4;2;-59;27;5;10
1650299833;4;2;-59;27;5;10
1650299835;4;2;-59;27;5;10
1650299836;4;2;-59;26;5;10
1650299837;4;2;-59;26;5;10
1650299839;4;2;-59;27;5;10
1650299840;4;2;-59;26;5;10
1650299841;4;2;-58;26;5;10
1650299843;4;2;-58;26;5;10
1650299844;4;2;-60;26;5;10
1650299846;4;2;-58;26;5;10
1650299847;4;2;-57;27;5;10
1650299848;4;2;-57;27;5;10
1650299850;4;2;-58;26;5;10
1650299851;4;2;-58;27;5;11
1650299853;4;2;-58;27;5;11
1650299854;4;2;-59;26;5;11
1650299855;4;2;-60;26;5;11
1650299857;4;2;-59;27;10;11
1650299858;4;2;-59;27;10;11
1650299859;4;2;-59;27;10;11
1650299861;4;2;-59;27;10;11
1650299862;4;2;-60;26;10;11
1650299864;4;2;-59;26;10;11
1650299865;4;2;-59;27;10;11
1650299866;4;2;-59;26;10;11
1650299868;4;2;-60;26;10;11
1650299869;4;2;-60;26;10;11
1650299870;4;2;-60;27;10;11
1650299872;4;2;-59;27;10;11
1650299873;4;2;-59;27;10;11
1650299875;4;2;-59;27;10;11
1650299876;4;2;-59;27;10;11
1650299877;4;2;-59;26;10;11
1650299879;4;2;-59;26;10;11
1650299880;4;2;-59;26;5;11
1650299882;4;2;-62;26;5;17
1650299883;4;2;-60;27;5;17
1650299884;4;2;-59;27;5;17
1650299886;4;2;-59;27;5;17
1650299887;4;2;-59;27;10;17
1650299888;4;2;-59;26;10;17
1650299890;4;2;-59;27;10;17
1650299891;4;2;-60;26;10;17
1650299893;4;2;-59;27;10;17
1650299894;4;2;-59;27;10;17
1650299895;4;2;-59;27;10;17
1650299897;4;2;-59;26;10;17
1650299898;4;2;-59;27;10;17
1650299899;4;2;-59;27;10;17
1650299901;4;2;-59;26;10;17
1650299902;4;2;-59;26;10;17
1650299904;4;2;-59;27;10;17
1650299905;4;2;-60;26;10;17
1650299906;4;2;-59;26;10;17
1650299908;4;2;-58;26;10;17
1650299909;4;2;-58;27;10;17
1650299911;4;2;-59;27;10;17
1650299912;4;2;-59;26;5;19
1650299913;4;2;-59;26;5;19
1650299915;4;2;-60;26;5;19
1650299916;4;2;-60;26;5;19
1650299917;4;2;-60;27;10;19
1650299919;4;2;-59;26;10;19
1650299920;4;2;-60;26;10;19
1650299922;4;2;-61;26;10;19
1650299923;4;2;-60;26;10;19
1650299924;4;2;-60;26;10;19
1650299926;4;2;-60;26;10;19
1650299927;4;2;-60;26;10;19
1650299928;4;2;-60;26;10;19
1650299930;4;2;-60;27;10;19
1650299931;4;2;-60;26;10;19
1650299933;4;2;-59;27;10;19
1650299934;4;2;-59;27;10;19
1650299935;4;2;-60;26;10;19
1650299937;4;2;-60;27;10;19
1650299938;4;2;-62;25;10;19
1650299940;4;2;-62;25;10;19
1650299941;4;2;-62;26;10;19
1650299942;4;2;-61;26;5;25
1650299944;4;2;-61;26;5;25
1650299945;4;2;-61;26;5;25
1650299946;4;2;-61;26;5;25
1650299948;4;2;-61;26;10;25
1650299949;4;2;-60;27;10;25
1650299951;4;2;-60;26;10;25
1650299952;4;2;-60;26;10;25
1650299953;4;2;-61;26;10;25
1650299955;4;2;-61;26;10;25
1650299956;4;2;-60;26;10;25
1650299958;4;2;-59;27;10;25
1650299959;4;2;-60;26;10;25
1650299960;4;2;-61;26;10;25
1650299962;4;2;-60;26;10;25
1650299963;4;2;-58;27;10;25
1650299966;4;2;-57;27;10;25
1650299967;4;2;-59;26;10;25
1650299969;4;2;-61;26;10;25
1650299970;4;2;-58;27;10;25
1650299971;4;2;-58;27;10;25
1650299973;4;2;-57;26;5;25
1650299975;4;2;-57;27;5;25
1650299977;4;2;-60;26;5;25
1650299978;4;2;-61;26;5;27
1650299980;4;2;-61;26;5;27
1650299981;4;2;-60;26;5;27
1650299982;4;2;-61;26;10;27
1650299984;4;2;-60;26;10;27
1650299985;4;2;-60;26;10;27
1650299987;4;2;-61;26;10;27
1650299988;4;2;-61;25;10;27
1650299989;4;2;-60;26;10;27
1650299991;4;2;-58;26;10;27
1650299992;4;2;-59;27;10;27
1650299993;4;2;-60;26;10;27
1650299995;4;2;-60;26;10;27
1650299996;4;2;-59;26;10;27
1650299998;4;2;-59;27;10;27
1650300000;4;2;-60;26;10;27
1650300002;4;2;-60;26;10;27
1650300003;4;2;-61;25;10;27
1650300004;4;2;-60;26;10;27
1650300006;4;2;-61;26;10;27
1650300007;4;2;-61;25;5;27
1650300009;4;2;-61;26;5;27
1650300010;4;2;-61;26;5;27
1650300011;4;2;-62;25;5;27
1650300013;4;2;-61;26;10;27
1650300014;4;2;-61;26;10;27
1650300016;4;2;-59;27;10;27
1650300017;4;2;-59;26;10;27
1650300018;4;2;-57;27;10;27
1650300020;4;2;-59;27;10;27
1650300021;4;2;-60;27;10;27
1650300022;4;2;-59;26;10;27
1650300024;4;2;-59;27;10;27
1650300025;4;2;-59;27;10;27
1650300027;4;2;-60;26;10;27
1650300028;4;2;-59;26;10;27
1650300029;4;2;-58;26;10;27
1650300031;4;2;-58;26;10;27
1650300032;4;2;-61;26;10;27
1650300033;4;2;-60;26;10;27
1650300035;4;2;-59;26;10;27
1650300036;4;2;-60;26;10;27
1650300038;4;2;-60;26;5;27
1650300039;4;2;-59;26;5;27
1650300040;4;2;-59;26;5;27
1650300042;4;2;-58;27;10;27
1650300043;4;2;-61;26;5;31
1650300045;4;2;-60;26;5;31
1650300046;4;2;-60;26;5;31
1650300047;4;2;-59;27;5;31
1650300049;4;2;-60;27;5;31
1650300050;4;2;-60;27;5;31
1650300051;4;2;-60;26;5;31
1650300053;4;2;-61;26;5;31
1650300054;4;2;-58;26;5;31
1650300056;4;2;-60;27;5;31
1650300057;4;2;-59;27;5;31
1650300058;4;2;-59;27;5;31
1650300060;4;2;-59;26;5;31
1650300061;4;2;-59;26;5;31
1650300062;4;2;-60;26;5;31
1650300064;4;2;-59;27;5;31
1650300065;4;2;-61;26;5;31
1650300067;4;2;-61;26;5;31
1650300068;4;2;-59;26;5;31
1650300069;4;2;-60;26;5;31
1650300071;4;2;-60;27;5;31
1650300072;4;2;-59;26;5;31
1650300074;4;2;-60;26;5;35
1650300075;4;2;-60;26;5;35
1650300076;4;2;-59;27;5;35
1650300078;4;2;-59;26;10;35
1650300079;4;2;-59;26;10;35
1650300080;4;2;-59;26;10;35
1650300082;4;2;-60;26;10;35
1650300083;4;2;-59;27;10;35
1650300085;4;2;-59;27;10;35
1650300086;4;2;-59;27;10;35
1650300087;4;2;-60;26;10;35
1650300089;4;2;-59;26;10;35
1650300090;4;2;-61;26;10;35
1650300092;4;2;-60;26;10;35
1650300093;4;2;-59;26;10;35
1650300094;4;2;-60;26;10;35
1650300096;4;2;-60;26;10;35
1650300097;4;2;-60;26;10;35
1650300098;4;2;-62;26;10;35
1650300100;4;2;-57;26;10;35
1650300101;4;2;-60;26;10;35
1650300103;4;2;-59;27;10;35
1650300104;4;2;-60;27;5;35
1650300105;4;2;-60;26;5;35
1650300107;4;2;-60;26;5;35
1650300108;4;2;-61;26;10;35
1650300109;4;2;-61;26;10;35
1650300111;4;2;-61;26;10;35
1650300112;4;2;-61;26;10;35
1650300114;4;2;-59;26;10;35
1650300115;4;2;-59;27;10;35
1650300116;4;2;-59;26;10;35
1650300118;4;2;-60;26;10;35
1650300119;4;2;-60;26;10;35
1650300121;4;2;-60;26;10;35
1650300122;4;2;-59;26;10;35
1650300123;4;2;-57;27;10;35
1650300125;4;2;-62;26;10;35
1650300126;4;2;-59;27;10;35
1650300127;4;2;-60;26;10;35
1650300129;4;2;-60;26;10;35
1650300130;4;2;-60;26;10;35
1650300132;4;2;-61;26;10;35
1650300133;4;2;-59;26;10;35
1650300134;4;2;-59;26;5;40
1650300136;4;2;-59;27;5;40
1650300137;4;2;-60;26;5;40
1650300138;4;2;-60;26;10;40
1650300140;4;2;-60;26;10;40
1650300141;4;2;-60;26;10;40
1650300143;4;2;-59;27;10;40
1650300144;4;2;-59;27;10;40
1650300145;4;2;-59;27;10;40
1650300147;4;2;-58;27;10;40
1650300148;4;2;-60;26;10;40
1650300150;4;2;-60;26;10;40
1650300151;4;2;-60;26;10;40
1650300152;4;2;-60;26;10;40
1650300154;4;2;-59;27;10;40
1650300155;4;2;-61;26;10;40
1650300156;4;2;-61;26;10;40
1650300158;4;2;-61;26;10;40
1650300159;4;2;-61;26;10;40
1650300161;4;2;-59;27;10;40
1650300162;4;2;-58;26;10;40
1650300163;4;2;-57;27;5;40
1650300165;4;2;-59;27;5;41
1650300166;4;2;-60;26;5;41
1650300167;4;2;-58;27;5;41
1650300169;4;2;-60;26;10;41
1650300170;4;2;-60;26;10;41
1650300172;4;2;-60;26;10;41
1650300173;4;2;-60;27;10;41
1650300174;4;2;-59;27;10;41
1650300176;4;2;-59;27;10;41
1650300177;4;2;-60;26;10;41
1650300179;4;2;-59;26;10;41
1650300180;4;2;-60;26;10;41
1650300181;4;2;-60;26;10;41
1650300183;4;2;-59;27;5;41
1650300184;4;2;-59;26;5;41
1650300185;4;2;-60;26;5;41
1650300187;4;2;-60;26;5;41
1650300188;4;2;-61;27;5;41
1650300190;4;2;-60;26;5;41
1650300191;4;2;-60;27;5;41
1650300192;4;2;-60;26;5;41
1650300194;4;2;-60;27;5;41
1650300195;4;2;-60;27;5;42
1650300197;4;2;-60;26;5;42
1650300198;4;2;-59;27;5;42
1650300199;4;2;-59;26;10;42
1650300201;4;2;-61;26;10;42
1650300202;4;2;-60;26;10;42
1650300203;4;2;-60;26;10;42
1650300205;4;2;-61;26;10;42
1650300206;4;2;-61;26;10;42
1650300208;4;2;-59;26;10;42
1650300209;4;2;-58;27;10;42
1650300210;4;2;-60;27;10;42
1650300212;4;2;-60;26;10;42
1650300213;4;2;-57;27;10;42
1650300214;4;2;-60;26;10;42
1650300216;4;2;-59;26;10;42
1650300217;4;2;-59;27;10;42
1650300219;4;2;-60;26;10;42
1650300220;4;2;-60;26;10;42
1650300221;4;2;-59;26;10;42
1650300223;4;2;-61;26;10;42
1650300224;4;2;-59;26;5;42
1650300226;4;2;-59;27;5;42
1650300227;4;2;-59;27;5;42
1650300228;4;2;-60;27;5;42
1650300230;4;2;-60;26;5;45
1650300231;4;2;-59;27;5;45
1650300232;4;2;-60;26;5;45
1650300234;4;2;-60;26;5;45
1650300235;4;2;-57;27;5;45
1650300237;4;2;-60;26;5;45
1650300238;4;2;-60;26;5;45
1650300239;4;2;-60;26;5;45
1650300241;4;2;-60;26;5;45
1650300242;4;2;-60;26;5;45
1650300244;4;2;-60;26;5;45
1650300245;4;2;-60;26;5;45
1650300246;4;2;-60;26;5;45
1650300248;4;2;-60;26;5;45
1650300249;4;2;-59;27;5;45
1650300250;4;2;-59;27;5;45
1650300252;4;2;-59;26;5;45
1650300253;4;2;-59;27;5;45
1650300255;4;2;-59;26;5;45
1650300256;4;2;-59;27;5;45
1650300257;4;2;-59;27;5;45
1650300259;4;2;-60;26;5;45
1650300260;4;2;-60;26;5;47
1650300261;4;2;-59;26;5;47
1650300263;4;2;-59;26;5;47
1650300264;4;2;-59;26;5;47
1650300266;4;2;-58;27;10;47
1650300267;4;2;-60;26;10;47
1650300268;4;2;-60;27;10;47
1650300270;4;2;-60;26;10;47
1650300271;4;2;-60;27;10;47
1650300273;4;2;-59;26;10;47
1650300274;4;2;-60;26;10;47
1650300275;4;2;-60;27;10;47
1650300277;4;2;-61;26;10;47
1650300278;4;2;-60;26;10;47
1650300279;4;2;-59;27;10;47
1650300281;4;2;-59;27;10;47
1650300282;4;2;-60;27;10;47
1650300284;4;2;-60;26;10;47
1650300285;4;2;-59;27;10;47
1650300286;4;2;-58;26;10;47
1650300288;4;2;-57;27;10;47
1650300289;4;2;-59;27;10;47
1650300290;4;2;-60;26;5;50
1650300292;4;2;-60;26;5;50
1650300293;4;2;-59;27;5;50
1650300295;4;2;-60;26;5;50
1650300296;4;2;-60;27;10;50
1650300297;4;2;-60;26;10;50
1650300299;4;2;-60;26;10;50
1650300300;4;2;-60;26;10;50
1650300302;4;2;-59;26;10;50
1650300303;4;2;-58;26;10;50
1650300304;4;2;-60;27;10;50
1650300306;4;2;-60;27;10;50
1650300307;4;2;-60;26;10;50
1650300308;4;2;-60;26;10;50
1650300310;4;2;-59;26;10;50
1650300311;4;2;-61;26;10;50
1650300313;4;2;-59;27;10;50
1650300314;4;2;-59;27;10;50
1650300315;4;2;-61;26;10;50
1650300317;4;2;-59;26;10;50
1650300318;4;2;-59;27;10;50
1650300319;4;2;-60;27;10;50
1650300321;4;2;-60;26;6;52
1650300322;4;2;-59;26;6;52
1650300324;4;2;-60;26;6;52
1650300325;4;2;-61;26;6;52
1650300326;4;2;-61;26;10;52
1650300328;4;2;-58;26;10;52
1650300329;4;2;-60;26;10;52
1650300331;4;2;-59;27;10;52
1650300332;4;2;-59;27;10;52
1650300333;4;2;-60;26;10;52
1650300335;4;2;-61;26;10;52
1650300336;4;2;-61;26;10;52
1650300337;4;2;-61;25;10;52
1650300339;4;2;-62;26;10;52
1650300340;4;2;-62;26;10;52
1650300342;4;2;-61;25;10;52
1650300343;4;2;-61;26;10;52
1650300344;4;2;-62;26;10;52
1650300346;4;2;-62;26;10;52
1650300347;4;2;-61;26;10;52
1650300349;4;2;-62;26;10;52
1650300350;4;2;-61;26;10;52
1650300351;4;2;-59;26;6;53
1650300353;4;2;-60;26;6;53
1650300354;4;2;-61;27;6;53
1650300355;4;2;-61;26;6;53
1650300357;4;2;-60;26;10;53
1650300358;4;2;-60;27;10;53
1650300360;4;2;-59;26;10;53
1650300361;4;2;-59;27;10;53
1650300362;4;2;-59;27;10;53
1650300364;4;2;-59;26;10;53
1650300365;4;2;-61;26;10;53
1650300367;4;2;-61;27;10;53
1650300368;4;2;-61;26;10;53
1650300369;4;2;-61;26;10;53
1650300371;4;2;-61;26;10;53
1650300372;4;2;-61;26;10;53
1650300373;4;2;-60;26;10;53
1650300375;4;2;-60;26;10;53
1650300376;4;2;-60;27;10;53
1650300378;4;2;-60;27;10;53
1650300379;4;2;-60;27;10;53
1650300380;4;2;-60;26;10;53
1650300382;4;2;-60;26;6;55
1650300383;4;2;-61;26;6;55
1650300384;4;2;-61;26;6;55
1650300386;4;2;-61;26;6;55
1763154411;4;3;-56;25;4;0
1763154412;4;3;-57;25;4;0
1763154414;4;3;-57;25;4;0
1763154415;4;3;-55;25;4;0
1763154416;4;3;-55;25;4;0
1763154418;4;3;-56;25;4;0
1763154419;4;3;-56;25;4;0
1763154420;4;3;-55;25;4;0
1763154422;4;3;-56;25;4;0
1763154423;4;3;-57;25;4;0
1763154425;4;3;-59;24;4;0
1763154426;4;3;-56;25;4;0
1763154427;4;3;-55;26;4;0
1763154429;4;3;-55;25;4;0
1763154430;4;3;-54;25;4;0
1763154431;4;3;-55;25;4;0
1763154433;4;3;-57;24;4;0
1763154434;4;3;-56;25;4;0
1763154436;4;3;-56;25;4;0
1763154437;4;3;-56;26;4;0
1763154438;4;3;-55;26;4;0
1763154440;4;3;-55;26;4;0
1763154441;4;3;-56;25;4;0
1763154443;4;3;-56;25;4;0
1763154444;4;3;-55;25;4;0
1763154445;4;3;-56;25;4;0
1763154447;4;3;-56;25;4;0
1763154448;4;3;-55;26;4;0
1763154449;4;3;-56;25;4;0
1763154451;4;3;-55;25;4;0
1763154452;4;3;-56;25;4;0
1763154454;4;3;-56;26;4;0
1763154455;4;3;-56;25;4;0
1763154456;4;3;-56;25;4;0
1763154458;4;3;-57;25;4;0
1763154459;4;3;-57;25;4;0
1763154460;4;3;-56;25;4;0
1763154462;4;3;-56;25;4;0
1763154463;4;3;-56;25;4;0
1763154465;4;3;-55;25;4;0
1763154466;4;3;-56;25;4;0
1763154467;4;3;-56;25;4;0
1763154469;4;3;-57;25;4;0
1763154470;4;3;-57;25;4;0
1763154472;4;3;-56;25;4;0
1763154473;4;3;-55;25;4;0
1763154474;4;3;-56;25;4;0
1763154476;4;3;-56;25;4;0
1763154477;4;3;-60;24;4;0
1763154478;4;3;-60;24;4;0
1763154480;4;3;-59;24;4;0
1763154481;4;3;-56;25;4;0
1763154483;4;3;-57;24;4;0
1763154484;4;3;-57;24;4;0
1763154485;4;3;-58;24;4;0
1763154487;4;3;-58;24;4;0
1763154488;4;3;-57;25;4;0
1763154489;4;3;-57;25;4;0
1763154491;4;3;-57;25;4;0
1763154492;4;3;-56;25;4;0
1763154494;4;3;-56;25;4;0
1763154495;4;3;-57;25;4;0
1763154496;4;3;-56;25;4;0
1763154498;4;3;-56;25;4;0
1763154499;4;3;-56;25;4;0
1763154501;4;3;-57;25;4;0
1763154502;4;3;-57;25;4;0
1763154503;4;3;-57;25;4;0
1763154505;4;3;-58;25;4;0
1763154506;4;3;-58;25;4;0
1763154507;4;3;-57;25;4;0
1763154509;4;3;-58;24;4;0
1763154510;4;3;-58;25;4;0
1763154512;4;3;-57;25;4;0
1763154513;4;3;-57;25;4;0
1763154514;4;3;-57;24;4;0
1763154516;4;3;-58;25;4;0
1763154517;4;3;-58;24;4;0
1763154518;4;3;-58;25;4;0
1763154520;4;3;-58;25;4;0
1763154521;4;3;-57;25;4;0
1763154523;4;3;-57;25;4;0
1763154524;4;3;-56;25;4;0
1763154525;4;3;-56;26;4;0
1763154527;4;3;-57;25;4;0
1763154528;4;3;-57;24;4;0
1763154529;4;3;-58;25;4;0
1763154531;4;3;-57;25;4;0
1763154532;4;3;-57;25;4;0
1763154534;4;3;-55;26;4;0
1763154535;4;3;-54;25;4;0
1763154536;4;3;-55;25;4;0
1763154538;4;3;-56;25;4;0
1763154539;4;3;-56;25;4;0
1763154541;4;3;-56;25;4;0
1763154542;4;3;-55;25;4;0
1763154543;4;3;-55;25;4;0
1763154545;4;3;-58;24;4;0
1763154546;4;3;-58;25;4;0
1763154547;4;3;-57;25;4;0
1763154549;4;3;-57;25;4;0
1763154550;4;3;-57;25;4;0
1763154552;4;3;-56;25;4;0
1763154553;4;3;-56;25;4;0
1763154554;4;3;-56;25;4;0
1763154556;4;3;-56;25;4;0
1763154557;4;3;-56;25;4;0
1763154558;4;3;-58;24;4;0
1763154560;4;3;-58;24;4;0
1763154561;4;3;-59;24;4;0
1763154563;4;3;-59;25;4;0
1763154564;4;3;-58;25;4;0
1763154565;4;3;-56;26;4;0
1763154567;4;3;-55;26;4;0
1763154568;4;3;-56;25;4;0
1763154570;4;3;-55;25;4;0
1763154571;4;3;-56;25;4;0
1763154572;4;3;-55;26;4;0
1763154574;4;3;-57;25;4;0
1763154575;4;3;-57;25;4;0
1763154576;4;3;-57;25;4;0
1763154578;4;3;-57;25;4;0
1763154579;4;3;-56;25;4;0
1763154581;4;3;-57;25;4;0
1763154582;4;3;-58;25;4;0
1763154583;4;3;-57;25;4;0
1763154585;4;3;-58;25;4;0
1763154586;4;3;-56;25;4;0
1763154587;4;3;-57;25;4;0
1763154589;4;3;-58;25;4;0
1763154590;4;3;-59;24;4;0
1763154592;4;3;-59;23;4;0
1763154593;4;3;-58;25;4;0
1763154594;4;3;-57;25;4;0
1763154596;4;3;-57;25;4;0
1763154597;4;3;-57;25;4;0
1763154598;4;3;-59;24;4;0
1763154600;4;3;-59;25;4;0
1763154601;4;3;-58;24;4;0
1763154603;4;3;-57;25;4;0
1763154604;4;3;-56;25;4;0
1763154605;4;3;-57;25;4;0
1763154607;4;3;-56;25;4;0
1763154608;4;3;-58;24;4;0
1763154610;4;3;-59;23;4;0
1763154611;4;3;-59;24;4;0
1763154612;4;3;-57;25;4;0
1763154614;4;3;-57;25;4;0
1763154615;4;3;-56;25;4;0
1763154616;4;3;-58;25;4;0
1763154618;4;3;-56;25;4;0
1763154619;4;3;-56;25;4;0
1763154621;4;3;-60;23;4;0
1763154622;4;3;-57;25;4;0
1763154623;4;3;-57;25;4;0
1763154625;4;3;-56;25;4;0
1763154626;4;3;-57;25;4;0
1763154627;4;3;-55;26;4;0
1763154629;4;3;-55;26;4;0
1763154630;4;3;-61;23;4;0
1763154632;4;3;-57;25;4;0
1763154633;4;3;-55;25;4;0
1763154634;4;3;-54;26;4;0
1763154636;4;3;-55;26;4;0
1763154637;4;3;-55;26;4;0
1763154639;4;3;-57;26;4;0
1763154640;4;3;-56;25;4;0
1763154641;4;3;-55;25;4;0
1763154643;4;3;-58;24;4;0
1763154644;4;3;-57;25;4;0
1763154645;4;3;-54;25;4;0
1763154647;4;3;-59;24;4;0
1763154648;4;3;-59;24;4;0
1763154650;4;3;-61;23;4;0
1763154651;4;3;-57;25;4;0
1763154652;4;3;-56;25;4;0
1763154654;4;3;-59;24;4;0
1763154655;4;3;-59;24;4;0
1763154656;4;3;-57;25;4;0
1763154658;4;3;-56;25;4;0
1763154659;4;3;-57;25;4;0
1763154661;4;3;-58;24;4;0
1763154662;4;3;-59;24;4;0
1763154663;4;3;-55;26;4;0
1763154665;4;3;-60;23;4;0
1763154666;4;3;-59;24;4;0
1763154668;4;3;-56;25;4;0
1763154669;4;3;-57;25;4;0
1763154670;4;3;-58;24;4;0
1763154672;4;3;-56;25;4;0
1763154673;4;3;-56;25;4;0
1763154674;4;3;-57;24;4;0
1763154676;4;3;-59;23;4;0
1763154677;4;3;-55;25;4;0
1763154679;4;3;-55;25;4;0
1763154680;4;3;-56;25;4;0
1763154681;4;3;-58;25;4;0
1763154683;4;3;-58;24;4;0
1763154684;4;3;-56;25;4;0
1763154685;4;3;-57;24;4;0
1763154687;4;3;-56;25;4;0
1763154688;4;3;-57;25;4;0
1763154690;4;3;-58;24;4;0
1763154691;4;3;-57;25;4;0
1763154692;4;3;-55;25;4;0
1763154694;4;3;-57;25;4;0
1763154695;4;3;-59;24;4;0
1763154696;4;3;-57;25;4;0
1763154698;4;3;-57;25;4;0
1763154699;4;3;-56;25;4;0
1763154701;4;3;-56;25;4;0
1763154702;4;3;-57;24;4;0
1763154703;4;3;-59;24;4;0
1763154705;4;3;-60;23;4;0
1763154706;4;3;-60;23;4;0
1763154708;4;3;-56;25;4;0
1763154709;4;3;-56;25;4;0
1763154710;4;3;-57;25;4;0
1763154712;4;3;-57;24;4;0
1763154713;4;3;-56;25;4;0
1763154714;4;3;-59;24;4;0
1763154716;4;3;-58;25;4;0
1763154717;4;3;-56;25;4;0
1763154719;4;3;-58;24;4;0
1763154720;4;3;-58;24;4;0
1763154721;4;3;-58;24;4;1
1763154723;4;3;-58;25;4;1
1763154724;4;3;-56;25;4;1
1763154726;4;3;-56;24;4;1
1763154727;4;3;-57;25;4;1
1763154728;4;3;-60;23;4;1
1763154730;4;3;-56;25;4;1
1763154731;4;3;-58;25;4;1
1763154732;4;3;-59;24;4;1
1763154734;4;3;-57;25;4;1
1763154735;4;3;-55;25;4;1
1763154737;4;3;-57;25;4;1
1763154738;4;3;-56;25;4;1
1763154739;4;3;-56;25;4;1
1763154741;4;3;-58;24;4;1
1763154742;4;3;-56;25;4;1
1763154744;4;3;-55;25;4;1
1763154745;4;3;-60;23;4;1
1763154746;4;3;-58;25;4;1
1763154748;4;3;-56;25;4;1
1763154749;4;3;-56;24;4;1
1763154750;4;3;-58;24;4;1
1763154752;4;3;-59;24;4;1
1763154753;4;3;-60;23;4;1
1763154755;4;3;-58;24;4;1
1763154756;4;3;-57;25;4;1
1763154757;4;3;-56;25;4;1
1763154759;4;3;-56;25;4;1
1763154760;4;3;-59;24;4;1
1763154761;4;3;-58;24;4;1
1763154763;4;3;-56;25;4;1
1763154764;4;3;-56;25;4;1
1763154766;4;3;-58;25;4;1
1763154767;4;3;-59;24;4;1
1763154768;4;3;-57;25;4;1
1763154770;4;3;-56;25;6;1
1763154771;4;3;-57;25;6;1
1763154772;4;3;-56;25;6;1
1763154774;4;3;-58;24;6;1
1763154775;4;3;-57;25;6;1
1763154777;4;3;-57;25;6;1
1763154778;4;3;-58;24;6;1
1763154779;4;3;-59;24;6;1
1763154781;4;3;-57;25;6;1
1763154782;4;3;-56;25;6;1
1763154784;4;3;-57;25;6;1
1763154785;4;3;-57;26;6;1
1763154786;4;3;-56;25;6;1
1763154788;4;3;-57;25;6;1
1763154789;4;3;-60;24;6;1
1763154790;4;3;-56;25;6;1
1763154792;4;3;-60;24;6;1
1763154793;4;3;-58;24;6;1
1763154795;4;3;-57;25;6;1
1763154796;4;3;-57;25;6;1
1763154797;4;3;-58;25;6;1
1763154799;4;3;-57;25;6;1
1763154800;4;3;-56;25;6;1
1763154802;4;3;-59;24;6;1
1763154803;4;3;-61;23;6;1
1763154804;4;3;-59;25;6;1
1763154806;4;3;-57;25;6;1
1763154807;4;3;-57;25;6;1
1763154808;4;3;-57;25;6;1
1763154810;4;3;-58;24;6;1
1763154811;4;3;-58;24;6;1
1763154813;4;3;-58;24;6;1
1763154814;4;3;-57;25;6;1
1763154815;4;3;-57;25;6;1
1763154817;4;3;-57;25;6;1
1763154818;4;3;-57;25;6;1
1763154819;4;3;-58;24;6;1
1763154821;4;3;-58;25;6;1
1763154822;4;3;-57;25;6;1
1763154824;4;3;-57;25;6;1
1763154825;4;3;-58;25;6;1
1763154826;4;3;-59;24;6;1
1763154828;4;3;-59;24;6;1
1763154829;4;3;-59;24;6;1
1763154831;4;3;-60;24;6;1
1763154832;4;3;-60;24;6;1
1763154833;4;3;-59;24;6;1
1763154835;4;3;-58;25;6;1
1763154836;4;3;-56;24;6;1
1763154837;4;3;-56;25;6;1
1763154839;4;3;-57;25;6;1
1763154840;4;3;-59;24;6;1
1763154842;4;3;-59;24;6;1
1763154843;4;3;-60;24;6;1
1763154844;4;3;-60;23;6;1
1763154846;4;3;-60;24;6;1
1763154847;4;3;-57;25;6;1
1763154849;4;3;-58;25;6;1
1763154850;4;3;-60;24;6;1
1763154851;4;3;-59;24;6;1
1763154853;4;3;-58;25;6;1
1763154854;4;3;-56;25;6;1
1763154855;4;3;-60;24;6;1
1763154857;4;3;-60;23;6;1
1763154858;4;3;-57;25;6;1
1763154860;4;3;-58;25;6;1
1763154861;4;3;-57;25;6;1
1763154862;4;3;-59;24;6;1
1763154864;4;3;-58;24;6;1
1763154865;4;3;-55;25;6;1
1763154867;4;3;-58;25;6;1
1763154868;4;3;-60;24;6;1
1763154869;4;3;-59;24;6;1
1763154871;4;3;-60;23;6;1
1763154872;4;3;-57;24;6;1
1763154873;4;3;-55;25;6;1
1763154875;4;3;-56;26;6;1
1763154876;4;3;-60;24;6;1
1763154878;4;3;-61;23;6;1
1763154879;4;3;-61;23;6;1
1763154880;4;3;-61;23;6;1
1763154882;4;3;-61;23;6;1
1763154883;4;3;-61;23;6;1
1763154884;4;3;-59;24;6;1
1763154886;4;3;-56;25;6;1
1763154887;4;3;-56;25;6;1
1763154889;4;3;-57;25;6;1
1763154890;4;3;-60;24;6;1
1763154891;4;3;-57;25;6;1
1763154893;4;3;-57;25;6;1
1763154894;4;3;-59;24;6;1
1763154896;4;3;-56;26;6;1
1763154897;4;3;-58;25;6;1
1763154898;4;3;-56;25;6;1
1763154900;4;3;-60;23;6;1
1763154901;4;3;-58;25;6;1
1763154902;4;3;-58;25;6;1
1763154904;4;3;-59;24;6;1
1763154905;4;3;-59;24;6;1
1763154907;4;3;-56;25;6;1
1763154908;4;3;-57;25;6;1
1763154909;4;3;-60;23;6;1
1763154911;4;3;-58;25;6;1
1763154912;4;3;-58;25;6;1
1763154913;4;3;-57;25;6;1
1763154915;4;3;-58;24;6;1
1763154916;4;3;-59;24;6;1
1763154918;4;3;-56;26;6;1
1763154919;4;3;-60;23;6;1
1763154920;4;3;-60;23;6;1
1763154922;4;3;-59;24;6;1
1763154923;4;3;-57;25;6;1
1763154925;4;3;-57;25;6;1
1763154926;4;3;-58;25;6;1
1763154927;4;3;-57;25;6;1
1763154929;4;3;-57;25;6;1
1763154930;4;3;-58;24;6;1
1763154931;4;3;-55;26;6;1
1763154933;4;3;-57;25;6;1
1763154934;4;3;-60;24;6;1
1763154936;4;3;-59;25;6;1
1763154937;4;3;-57;25;6;1
1763154938;4;3;-57;26;6;1
1763154940;4;3;-57;25;6;1
1763154941;4;3;-58;24;6;1
1763154942;4;3;-59;24;6;1
1763154944;4;3;-56;25;6;1
1763154945;4;3;-57;24;6;1
1763154947;4;3;-58;25;6;1
1763154948;4;3;-60;24;6;1
1763154949;4;3;-58;25;6;1
1763154951;4;3;-56;25;6;1
1763154952;4;3;-57;25;6;1
1763154954;4;3;-57;25;6;1
1763154955;4;3;-58;25;6;1
1763154956;4;3;-61;23;6;1
1763154958;4;3;-61;23;6;1
1763154959;4;3;-59;24;6;1
1763154960;4;3;-58;24;6;1
1763154962;4;3;-57;25;6;1
1763154963;4;3;-55;25;6;1
1763154965;4;3;-56;25;6;1
1763154966;4;3;-55;26;6;1
1763154967;4;3;-55;25;6;1
1763154969;4;3;-54;26;6;1
1763154970;4;3;-54;26;6;1
1763154971;4;3;-55;25;6;1
1763154973;4;3;-56;25;6;1
1763154974;4;3;-57;25;6;1
1763154976;4;3;-58;25;6;1
1763154977;4;3;-58;25;6;1
1763154978;4;3;-58;25;6;1
1763154980;4;3;-57;25;6;1
1763154981;4;3;-57;25;6;1
1763154982;4;3;-58;25;6;1
1763154984;4;3;-57;25;6;1
1763154985;4;3;-57;25;6;1
1763154987;4;3;-56;25;6;1
1763154988;4;3;-56;25;6;1
1763154989;4;3;-57;25;6;1
1763154991;4;3;-58;24;6;1
1763154992;4;3;-56;26;6;1
1763154994;4;3;-57;25;6;1
1763154995;4;3;-57;25;6;1
1763154996;4;3;-58;25;6;1
1763154998;4;3;-58;25;6;1
1763154999;4;3;-59;24;6;1
1763155000;4;3;-59;25;6;1
1763155002;4;3;-59;25;6;1
1763155003;4;3;-59;25;6;1
1763155005;4;3;-59;24;6;1
1763155006;4;3;-58;25;6;1
1763155007;4;3;-56;25;6;1
1763155009;4;3;-58;25;6;1
1650313527;4;4;-55;28;7;0
1650313528;4;4;-55;27;7;0
1650313529;4;4;-55;28;7;0
1650313531;4;4;-55;27;7;0
1650313532;4;4;-55;27;10;0
1650313534;4;4;-55;28;10;0
1650313535;4;4;-55;27;10;0
1650313538;4;4;-55;27;10;0
1650313539;4;4;-55;28;10;0
1650313540;4;4;-55;28;10;0
1650313542;4;4;-55;28;10;0
1650313543;4;4;-55;28;10;0
1650313545;4;4;-55;27;10;0
1650313546;4;4;-55;27;7;0
1650313547;4;4;-55;28;7;0
1650313549;4;4;-54;27;7;0
1650313550;4;4;-53;27;7;0
1650313552;4;4;-54;28;6;3
1650313553;4;4;-54;28;6;3
1650313554;4;4;-55;27;6;3
1650313556;4;4;-54;27;10;3
1650313557;4;4;-54;27;6;3
1650313558;4;4;-54;28;6;3
1650313560;4;4;-54;27;6;3
1650313561;4;4;-54;28;6;3
1650313563;4;4;-54;28;6;3
1650313564;4;4;-54;28;6;3
1650313565;4;4;-54;27;6;3
1650313567;4;4;-54;28;6;3
1650313568;4;4;-55;27;6;3
1650313569;4;4;-55;28;6;3
1650313571;4;4;-55;28;6;3
1650313572;4;4;-55;27;6;3
1650313574;4;4;-54;27;6;3
1650313575;4;4;-54;28;6;3
1650313576;4;4;-54;28;6;3
1650313578;4;4;-54;27;6;3
1650313579;4;4;-55;27;6;3
1650313581;4;4;-55;28;6;4
1650313582;4;4;-55;28;6;4
1650313583;4;4;-54;28;6;4
1650313585;4;4;-54;27;6;4
1650313586;4;4;-54;27;6;4
1650313587;4;4;-54;27;6;4
1650313589;4;4;-54;28;6;4
1650313590;4;4;-54;27;6;4
1650313592;4;4;-54;27;6;4
1650313593;4;4;-55;28;6;4
1650313594;4;4;-54;27;6;4
1650313596;4;4;-55;28;6;4
1650313597;4;4;-55;28;6;4
1650313598;4;4;-54;28;6;4
1650313600;4;4;-55;27;6;4
1650313601;4;4;-54;27;6;4
1650313603;4;4;-55;28;6;4
1650313604;4;4;-54;27;6;4
1650313605;4;4;-55;27;6;4
1650313607;4;4;-54;27;6;4
1650313608;4;4;-54;27;6;4
1650313610;4;4;-55;28;6;4
1650313611;4;4;-55;28;6;5
1650313612;4;4;-55;28;6;5
1650313614;4;4;-55;27;6;5
1650313615;4;4;-55;28;6;5
1650313616;4;4;-55;27;10;5
1650313618;4;4;-55;28;10;5
1650313619;4;4;-55;27;10;5
1650313621;4;4;-54;28;10;5
1650313622;4;4;-55;28;10;5
1650313623;4;4;-55;27;10;5
1650313625;4;4;-55;27;10;5
1650313626;4;4;-55;28;10;5
1650313627;4;4;-55;27;10;5
1650313629;4;4;-54;27;10;5
1650313630;4;4;-54;27;10;5
1650313632;4;4;-54;27;10;5
1650313633;4;4;-54;27;10;5
1650313634;4;4;-54;27;10;5
1650313636;4;4;-54;28;10;5
1650313637;4;4;-55;28;10;5
1650313639;4;4;-55;27;10;5
1650313640;4;4;-55;27;10;5
1650313643;4;4;-55;28;6;6
1650313644;4;4;-54;27;6;6
1650313645;4;4;-54;27;6;6
1650313647;4;4;-54;27;6;6
1650313648;4;4;-55;28;6;6
1650313650;4;4;-54;27;6;6
1650313651;4;4;-54;28;6;6
1650313652;4;4;-54;28;6;6
1650313654;4;4;-54;28;6;6
1650313655;4;4;-54;27;6;6
1650313657;4;4;-54;28;6;6
1650313658;4;4;-54;27;6;6
1650313659;4;4;-54;27;6;6
1650313661;4;4;-54;27;6;6
1650313662;4;4;-54;27;6;6
1650313663;4;4;-54;28;6;6
1650313665;4;4;-54;27;6;6
1650313666;4;4;-54;27;6;6
1650313668;4;4;-54;27;6;6
1650313669;4;4;-54;27;6;6
1650313670;4;4;-54;27;6;6
1650313672;4;4;-55;28;6;8
1650313673;4;4;-54;27;6;8
1650313675;4;4;-54;27;6;8
1650313676;4;4;-54;28;6;8
1650313677;4;4;-54;28;10;8
1650313679;4;4;-54;27;10;8
1650313680;4;4;-54;27;10;8
1650313681;4;4;-54;27;10;8
1650313683;4;4;-54;28;10;8
1650313684;4;4;-54;28;10;8
1650313686;4;4;-54;27;10;8
1650313687;4;4;-54;28;10;8
1650313688;4;4;-53;28;10;8
1650313690;4;4;-53;28;10;8
1650313691;4;4;-54;27;10;8
1650313693;4;4;-54;27;10;8
1650313694;4;4;-54;27;10;8
1650313695;4;4;-54;28;10;8
1650313697;4;4;-54;27;10;8
1650313698;4;4;-53;28;10;8
1650313699;4;4;-54;28;10;8
1650313701;4;4;-54;27;10;8
1650313702;4;4;-55;28;6;10
1650313704;4;4;-54;27;6;10
1650313705;4;4;-53;27;6;10
1650313706;4;4;-54;28;6;10
1650313708;4;4;-54;27;6;10
1650313709;4;4;-54;27;6;10
1650313710;4;4;-54;27;6;10
1650313712;4;4;-54;28;6;10
1650313713;4;4;-54;28;6;10
1650313715;4;4;-54;27;6;10
1650313716;4;4;-54;28;6;10
1650313717;4;4;-54;28;6;10
1650313719;4;4;-54;28;6;10
1650313720;4;4;-54;27;6;10
1650313722;4;4;-54;27;6;10
1650313723;4;4;-54;27;6;10
1650313724;4;4;-54;27;6;10
1650313726;4;4;-54;27;6;10
1650313727;4;4;-54;27;6;10
1650313728;4;4;-54;27;6;10
1650313730;4;4;-53;27;6;10
1650313731;4;4;-54;27;6;10
1650313733;4;4;-54;29;6;12
1650313734;4;4;-54;27;6;12
1650313735;4;4;-53;27;6;12
1650313737;4;4;-53;27;6;12
1650313738;4;4;-53;27;10;12
1650313740;4;4;-54;27;10;12
1650313741;4;4;-54;27;10;12
1650313742;4;4;-54;28;10;12
1650313744;4;4;-54;28;10;12
1650313745;4;4;-53;27;10;12
1650313746;4;4;-54;27;10;12
1650313748;4;4;-54;27;10;12
1650313749;4;4;-54;27;10;12
1650313751;4;4;-54;28;10;12
1650313752;4;4;-53;27;10;12
1650313753;4;4;-54;27;10;12
1650313755;4;4;-54;27;10;12
1650313756;4;4;-54;27;10;12
1650313758;4;4;-54;27;10;12
1650313759;4;4;-54;27;10;12
1650313760;4;4;-53;27;10;12
1650313762;4;4;-53;27;10;12
1650313763;4;4;-54;28;6;17
1650313764;4;4;-54;28;6;17
1650313766;4;4;-54;27;6;17
1650313767;4;4;-54;28;6;17
1650313769;4;4;-54;28;6;17
1650313770;4;4;-54;27;6;17
1650313771;4;4;-54;28;6;17
1650313773;4;4;-54;28;6;17
1650313774;4;4;-54;28;6;17
1650313776;4;4;-54;27;6;17
1650313777;4;4;-54;28;6;17
1650313778;4;4;-54;27;6;17
1650313780;4;4;-54;27;6;17
1650313781;4;4;-54;28;6;17
1650313782;4;4;-54;27;6;17
1650313784;4;4;-53;28;6;17
1650313785;4;4;-53;27;6;17
1650313787;4;4;-54;27;6;17
1650313788;4;4;-54;27;6;17
1650313789;4;4;-54;27;6;17
1650313791;4;4;-54;28;6;17
1650313792;4;4;-54;27;6;17
1650313794;4;4;-55;28;6;22
1650313795;4;4;-54;27;6;22
1650313796;4;4;-54;28;6;22
1650313798;4;4;-53;27;6;22
1650313799;4;4;-54;28;10;22
1650313800;4;4;-54;27;10;22
1650313802;4;4;-54;27;10;22
1650313803;4;4;-54;27;10;22
1650313805;4;4;-54;27;10;22
1650313806;4;4;-54;28;10;22
1650313807;4;4;-54;27;10;22
1650313809;4;4;-54;27;10;22
1650313810;4;4;-53;27;10;22
1650313811;4;4;-53;27;10;22
1650313813;4;4;-54;27;10;22
1650313814;4;4;-54;27;10;22
1650313816;4;4;-54;27;10;22
1650313817;4;4;-54;27;10;22
1650313818;4;4;-54;27;10;22
1650313820;4;4;-54;27;10;22
1650313821;4;4;-54;27;10;22
1650313823;4;4;-54;27;10;22
1650313824;4;4;-54;28;6;25
1650313825;4;4;-54;28;6;25
1650313827;4;4;-54;27;6;25
1650313828;4;4;-54;27;6;25
1650313829;4;4;-53;27;6;25
1650313831;4;4;-54;27;6;25
1650313832;4;4;-54;27;6;25
1650313834;4;4;-54;27;6;25
1650313835;4;4;-54;28;6;25
1650313836;4;4;-54;28;6;25
1650313838;4;4;-54;28;6;25
1650313839;4;4;-54;28;6;25
1650313841;4;4;-54;27;6;25
1650313842;4;4;-54;27;6;25
1650313843;4;4;-54;28;6;25
1650313845;4;4;-54;27;6;25
1650313846;4;4;-54;27;6;25
1650313847;4;4;-54;28;6;25
1650313849;4;4;-54;28;6;25
1650313850;4;4;-54;28;6;25
1650313852;4;4;-54;27;6;25
1650313853;4;4;-54;27;6;25
1650313854;4;4;-55;28;6;26
1650313856;4;4;-54;27;6;26
1650313857;4;4;-54;28;6;26
1650313858;4;4;-54;27;10;26
1650313860;4;4;-54;28;10;26
1650313861;4;4;-54;27;10;26
1650313863;4;4;-54;28;10;26
1650313864;4;4;-54;27;10;26
1650313865;4;4;-54;28;10;26
1650313867;4;4;-54;28;10;26
1650313868;4;4;-54;28;10;26
1650313870;4;4;-54;28;10;26
1650313871;4;4;-54;27;10;26
1650313872;4;4;-54;28;10;26
1650313874;4;4;-54;27;10;26
1650313875;4;4;-53;27;10;26
1650313876;4;4;-54;27;10;26
1650313878;4;4;-54;27;10;26
1650313879;4;4;-54;27;10;26
1650313881;4;4;-54;27;10;26
1650313882;4;4;-54;27;10;26
1650313883;4;4;-54;27;10;26
1650313885;4;4;-55;28;6;30
1650313886;4;4;-54;28;6;30
1650313888;4;4;-54;27;6;30
1650313889;4;4;-54;27;6;30
1650313890;4;4;-54;27;6;30
1650313892;4;4;-54;28;6;30
1650313893;4;4;-54;28;6;30
1650313894;4;4;-54;27;6;30
1650313896;4;4;-54;28;6;30
1650313897;4;4;-54;28;6;30
1650313899;4;4;-54;27;6;30
1650313900;4;4;-54;28;6;30
1650313901;4;4;-54;28;6;30
1650313903;4;4;-54;28;6;30
1650313904;4;4;-54;28;6;30
1650313905;4;4;-54;27;6;30
1650313907;4;4;-54;27;6;30
1650313908;4;4;-54;28;6;30
1650313910;4;4;-54;27;6;30
1650313911;4;4;-54;27;6;30
1650313912;4;4;-54;27;6;30
1650313914;4;4;-54;28;6;30
1650313915;4;4;-54;28;6;31
1650313917;4;4;-54;28;6;31
1650313918;4;4;-54;28;6;31
1650313919;4;4;-54;27;10;31
1650313921;4;4;-54;27;10;31
1650313922;4;4;-54;28;10;31
1650313923;4;4;-54;27;10;31
1650313925;4;4;-54;27;10;31
1650313926;4;4;-53;28;10;31
1650313928;4;4;-54;27;10;31
1650313929;4;4;-54;27;10;31
1650313930;4;4;-54;28;10;31
1650313932;4;4;-54;27;10;31
1650313933;4;4;-54;28;10;31
1650313935;4;4;-54;27;10;31
1650313936;4;4;-53;27;10;31
1650313937;4;4;-54;27;10;31
1650313939;4;4;-54;27;10;31
1650313940;4;4;-54;28;10;31
1650313941;4;4;-54;27;10;31
1650313943;4;4;-54;27;10;31
1650313944;4;4;-54;27;10;31
1650313946;4;4;-54;28;6;32
1650313947;4;4;-54;27;6;32
1650313948;4;4;-54;27;6;32
1650313950;4;4;-54;28;6;32
1650313951;4;4;-54;28;6;32
1650313953;4;4;-54;28;6;32
1650313954;4;4;-54;27;6;32
1650313955;4;4;-54;28;6;32
1650313957;4;4;-54;28;6;32
1650313958;4;4;-54;28;6;32
1650313959;4;4;-54;28;6;32
1650313961;4;4;-54;28;6;32
1650313962;4;4;-54;27;6;32
1650313964;4;4;-54;27;6;32
1650313965;4;4;-54;27;6;32
1650313966;4;4;-54;28;6;32
1650313968;4;4;-54;28;6;32
1650313969;4;4;-54;27;6;32
1650313971;4;4;-54;28;6;32
1650313972;4;4;-54;27;6;32
1650313973;4;4;-54;28;6;32
1650313975;4;4;-54;28;6;32
1650313976;4;4;-55;28;6;34
1650313977;4;4;-54;28;6;34
1650313979;4;4;-54;27;6;34
1650313980;4;4;-54;27;10;34
1650313982;4;4;-54;27;10;34
1650313983;4;4;-54;27;10;34
1650313984;4;4;-54;27;10;34
1650313986;4;4;-54;28;10;34
1650313987;4;4;-54;27;10;34
1650313989;4;4;-54;27;10;34
1650313990;4;4;-54;27;10;34
1650313991;4;4;-54;28;10;34
1650313993;4;4;-54;27;10;34
1650313994;4;4;-54;28;10;34
1650313995;4;4;-54;27;10;34
1650313997;4;4;-54;27;10;34
1650313998;4;4;-54;28;10;34
1650314000;4;4;-54;27;10;34
1650314001;4;4;-54;27;10;34
1650314002;4;4;-54;28;10;34
1650314004;4;4;-54;27;10;34
1650314005;4;4;-54;28;10;34
1650314007;4;4;-54;29;6;35
1650314008;4;4;-54;28;6;35
1650314009;4;4;-54;28;6;35
1650314011;4;4;-54;29;6;35
1650314012;4;4;-54;27;6;35
1650314013;4;4;-54;28;6;35
1650314015;4;4;-54;28;6;35
1650314016;4;4;-54;28;6;35
1650314018;4;4;-54;27;6;35
1650314019;4;4;-55;28;6;35
1650314020;4;4;-54;28;6;35
1650314022;4;4;-54;28;6;35
1650314023;4;4;-54;28;6;35
1650314024;4;4;-54;27;6;35
1650314026;4;4;-54;27;6;35
1650314027;4;4;-54;27;6;35
1650314029;4;4;-53;28;6;35
1650314030;4;4;-54;28;6;35
1650314031;4;4;-54;27;6;35
1650314033;4;4;-54;27;6;35
1650314034;4;4;-54;27;6;35
1650314036;4;4;-54;27;6;35
1650314037;4;4;-55;29;6;44
1650314038;4;4;-54;27;6;44
1650314040;4;4;-54;27;6;44
1650314041;4;4;-54;27;6;44
1650314042;4;4;-54;27;10;44
1650314044;4;4;-54;28;10;44
1650314045;4;4;-54;28;10;44
1650314047;4;4;-54;27;10;44
1650314048;4;4;-54;27;10;44
1650314049;4;4;-54;27;10;44
1650314051;4;4;-54;27;10;44
1650314052;4;4;-54;27;10;44
1650314054;4;4;-54;27;10;44
1650314055;4;4;-54;28;10;44
1650314056;4;4;-54;28;10;44
1650314058;4;4;-54;27;10;44
1650314059;4;4;-54;27;10;44
1650314060;4;4;-54;27;10;44
1650314062;4;4;-54;27;10;44
1650314063;4;4;-54;27;10;44
1650314065;4;4;-54;27;10;44
1650314066;4;4;-54;27;10;44
1650314067;4;4;-55;28;7;47
1650314069;4;4;-55;27;7;47
1650314070;4;4;-54;27;7;47
1650314072;4;4;-54;28;7;47
1650314073;4;4;-54;28;7;47
1650314074;4;4;-54;28;7;47
1650314076;4;4;-54;28;7;47
1650314077;4;4;-54;28;7;47
1650314078;4;4;-54;28;7;47
1650314080;4;4;-54;27;7;47
1650314081;4;4;-54;28;7;47
1650314083;4;4;-54;28;7;47
1650314084;4;4;-54;27;7;47
1650314085;4;4;-54;27;7;47
1650314087;4;4;-54;27;7;47
1650314088;4;4;-54;27;7;47
1650314090;4;4;-54;27;7;47
1650314091;4;4;-54;27;7;47
1650314092;4;4;-54;27;7;47
1650314094;4;4;-54;28;7;47
1650314095;4;4;-54;27;7;47
1650314096;4;4;-54;27;7;47
1650314098;4;4;-55;28;7;48
1650314099;4;4;-54;27;7;48
1650314101;4;4;-54;27;7;48
1650314102;4;4;-54;27;7;48
1650314103;4;4;-54;27;10;48
1650314105;4;4;-53;28;10;48
1650314106;4;4;-54;27;10;48
1650314108;4;4;-54;27;10;48
1650314109;4;4;-54;28;10;48
1650314110;4;4;-54;28;10;48
1650314112;4;4;-54;27;10;48
1650314113;4;4;-54;27;10;48
1650314114;4;4;-54;27;10;48
1650314116;4;4;-54;28;10;48
1650314117;4;4;-54;28;10;48
1650314119;4;4;-54;27;10;48
1650314120;4;4;-54;27;10;48
1650314121;4;4;-54;27;10;48
1650314123;4;4;-54;28;10;48
1650314124;4;4;-54;27;10;48
1650314125;4;4;-53;27;10;48
